-- MySQL dump 10.13  Distrib 5.5.35, for debian-linux-gnu (x86_64)
--
-- Host: eld.ck6dic91bdhi.eu-west-1.rds.amazonaws.com    Database: srpsbookinglive
-- ------------------------------------------------------
-- Server version	5.6.12

/*!40101 SET @OLD_CHARACTER_SET_CLIENT=@@CHARACTER_SET_CLIENT */;
/*!40101 SET @OLD_CHARACTER_SET_RESULTS=@@CHARACTER_SET_RESULTS */;
/*!40101 SET @OLD_COLLATION_CONNECTION=@@COLLATION_CONNECTION */;
/*!40101 SET NAMES utf8 */;
/*!40103 SET @OLD_TIME_ZONE=@@TIME_ZONE */;
/*!40103 SET TIME_ZONE='+00:00' */;
/*!40014 SET @OLD_UNIQUE_CHECKS=@@UNIQUE_CHECKS, UNIQUE_CHECKS=0 */;
/*!40014 SET @OLD_FOREIGN_KEY_CHECKS=@@FOREIGN_KEY_CHECKS, FOREIGN_KEY_CHECKS=0 */;
/*!40101 SET @OLD_SQL_MODE=@@SQL_MODE, SQL_MODE='NO_AUTO_VALUE_ON_ZERO' */;
/*!40111 SET @OLD_SQL_NOTES=@@SQL_NOTES, SQL_NOTES=0 */;

--
-- Table structure for table `destination`
--

DROP TABLE IF EXISTS `destination`;
/*!40101 SET @saved_cs_client     = @@character_set_client */;
/*!40101 SET character_set_client = utf8 */;
CREATE TABLE `destination` (
  `id` int(11) NOT NULL AUTO_INCREMENT,
  `serviceid` int(11) NOT NULL,
  `name` varchar(150) COLLATE utf8_unicode_ci NOT NULL,
  `crs` varchar(5) COLLATE utf8_unicode_ci NOT NULL,
  `description` longtext COLLATE utf8_unicode_ci NOT NULL,
  `bookinglimit` int(11) NOT NULL,
  PRIMARY KEY (`id`)
) ENGINE=InnoDB AUTO_INCREMENT=27 DEFAULT CHARSET=utf8 COLLATE=utf8_unicode_ci;
/*!40101 SET character_set_client = @saved_cs_client */;

--
-- Dumping data for table `destination`
--

LOCK TABLES `destination` WRITE;
/*!40000 ALTER TABLE `destination` DISABLE KEYS */;
INSERT INTO `destination` VALUES (1,1,'Linlithgow','LIN','<p>Round the <em>Forth Circle</em></p>',0),(2,2,'Inverkeithing','INK','<p>Round the <em>Forth Circle</em></p>',0),(3,3,'Mallaig','MLG','<p>Fort William &amp; Mallaig</p>',0),(4,4,'Plockton or Kyle of Lochalsh','KYL','<p>Kyle of Lochalsh</p>',0),(5,5,'Mallaig','MLG','<p>From Ayr to Mallaig, steam-hauled between Fort William and Mallaig</p>',0),(7,6,'Fort William','FTW','<p>Fort William</p>',0),(8,7,'Inverness','INV','<p>Inverness</p>',0),(9,8,'Edinburgh Waverley','EDB','<p>The Fife Circle</p>',0),(10,9,'Edinburgh Waverley','EDB','<p>The Forth Circle</p>',0),(11,10,'Fort William','FTW','<p>Fort William</p>',0),(12,11,'Oban','OBN','<p>Oban</p>',0),(13,12,'Blackpool','BPN','<p>Blackpool North</p>',0),(14,13,'Grange-over-Sands','GOS','<p>Ravenglass or Grange-over-Sands (SRPS Railtours train only)</p>',0),(15,13,'Dalegarth  (R&ER)','_DG','<p>Ravenglass &amp; Eskdale Railway (Inclusive fare)</p>',0),(17,13,'Lake Windermere Cruise','_LW','<p>Coach tour &amp; Lake Windermere Cruise (Inclusive fare)</p>',0),(18,14,'Fort William','FTW','<p>Fort William</p>',0),(19,15,'Linlithgow','LIN','<p>Round the <em>Forth Circle</em></p>',0),(20,16,'Dalmeny or Inverkeithing','INK','<p>Round the<em> Forth Circle</em></p>',0),(21,17,'Kyle of Lochalsh','KYL','<p>Kyle of Lochalsh</p>',0),(22,18,'Mallaig','MLG','<p>Steam-hauled from Fort William to Mallaig</p>',0),(23,19,'Fort William','FTW','<p>Fort William</p>',0),(24,20,'Mallaig','MLG','<p>Steam-hauled between Fort William and Mallaig</p>',0),(25,21,'Fort William','FTW','<p>Fort William</p>',0),(26,22,'Holyhead','HHD','<p>Chester, Llandudno Junction, Bangor or Holyhead</p>',0);
/*!40000 ALTER TABLE `destination` ENABLE KEYS */;
UNLOCK TABLES;

--
-- Table structure for table `joining`
--

DROP TABLE IF EXISTS `joining`;
/*!40101 SET @saved_cs_client     = @@character_set_client */;
/*!40101 SET character_set_client = utf8 */;
CREATE TABLE `joining` (
  `id` int(11) NOT NULL AUTO_INCREMENT,
  `serviceid` int(11) NOT NULL,
  `pricebandgroupid` int(11) NOT NULL,
  `station` varchar(150) COLLATE utf8_unicode_ci NOT NULL,
  `crs` varchar(10) COLLATE utf8_unicode_ci NOT NULL,
  `meala` tinyint(1) NOT NULL,
  `mealb` tinyint(1) NOT NULL,
  `mealc` tinyint(1) NOT NULL,
  `meald` tinyint(1) NOT NULL,
  PRIMARY KEY (`id`)
) ENGINE=InnoDB AUTO_INCREMENT=138 DEFAULT CHARSET=utf8 COLLATE=utf8_unicode_ci;
/*!40101 SET character_set_client = @saved_cs_client */;

--
-- Dumping data for table `joining`
--

LOCK TABLES `joining` WRITE;
/*!40000 ALTER TABLE `joining` DISABLE KEYS */;
INSERT INTO `joining` VALUES (1,1,1,'Linlithgow','LIN',1,1,1,1),(2,2,2,'Dalmeny or Inverkeithing','DAM',1,1,1,1),(3,3,3,'Glenrothes with Thornton','GLT',1,1,1,1),(4,3,3,'Kirkcaldy','KDY',1,1,1,1),(5,3,3,'Dalgety Bay','DAG',1,1,1,1),(6,3,3,'Dalmeny','DAM',1,1,1,1),(7,3,3,'Linlithgow','LIN',1,1,1,1),(8,3,3,'Falkirk High','FKK',1,1,1,1),(9,3,3,'Croy','CRO',1,1,1,1),(10,3,3,'Westerton','WES',1,1,1,1),(11,4,4,'North Berwick','NBW',1,1,1,1),(12,4,4,'Longniddry','LND',1,1,1,1),(13,4,4,'Musselburgh','MUB',1,1,1,1),(14,4,4,'Edinburgh Waverley','EDB',1,1,1,1),(15,4,4,'Dalmeny','DAM',1,1,1,1),(16,4,4,'Dalgety Bay','DAG',1,1,1,1),(17,4,4,'Kirkcaldy','KDY',1,1,1,1),(18,4,4,'Ladybank','LDY',1,1,1,1),(19,4,4,'Perth','PTH',1,1,1,1),(20,5,5,'Ayr','AYR',1,1,1,1),(21,5,5,'Prestwick Town','PTW',1,1,1,1),(22,5,5,'Troon','TRN',1,1,1,1),(23,5,5,'Irvine','IRV',1,1,1,1),(24,5,5,'Kilwinning','KWN',1,1,1,1),(25,5,5,'Johnstone','JJHN',1,1,1,1),(26,5,5,'Paisley Gilmour Street','PYG',1,1,1,1),(27,5,5,'Exhibition Centre (Glasgow)','EXG',1,1,1,1),(28,5,5,'Westerton','WES',1,1,1,1),(29,5,5,'Helensburgh Upper','HLU',1,1,1,1),(30,6,6,'Ayr','AYR',1,1,1,1),(31,6,6,'Prestwick Town','PTW',1,1,1,1),(32,6,6,'Troon','TRN',1,1,1,1),(33,6,6,'Irvine','IRV',1,1,1,1),(34,6,6,'Kilwinning','KWN',1,1,1,1),(35,6,6,'Johnstone','JHN',1,1,1,1),(36,6,6,'Paisley Gilmour Street','PYG',1,1,1,1),(37,6,6,'Exhibition Centre (Glasgow)','EXG',1,1,1,1),(38,6,6,'Westerton','WES',1,1,1,1),(39,6,6,'Helensburgh Upper','HLU',1,1,1,1),(40,7,7,'Berwick-upon-Tweed','BWK',1,1,1,1),(41,7,7,'Dunbar','DUN',1,1,1,1),(42,7,7,'Drem','DRM',1,1,1,1),(43,7,7,'Edinburgh Waverley','EDB',1,1,1,1),(44,7,7,'Dalmeny','DAM',1,1,1,1),(45,7,7,'Dalgety Bay','DAG',1,1,1,1),(46,7,7,'Kirkcaldy','KDY',1,1,1,1),(47,8,8,'Edinburgh Waverley','EDB',1,1,1,1),(48,9,9,'Edinburgh Waverley','EDB',1,1,1,1),(49,10,10,'Glenrothes with Thornton','GLT',1,1,1,1),(50,10,10,'Kirkcaldy','KDY',1,1,1,1),(51,10,10,'Dalgety Bay','DAG',1,1,1,1),(52,10,10,'Dalmeny','DAM',1,1,1,1),(53,10,10,'Linlithgow','LIN',1,1,1,1),(54,10,10,'Falkirk High','FKK',1,1,1,1),(55,10,10,'Croy','CRO',1,1,1,1),(56,10,10,'Westerton','WES',1,1,1,1),(57,11,11,'Inverurie','INR',1,1,1,1),(58,11,11,'Dyce','DYC',1,1,1,1),(59,11,11,'Aberdeen','ABD',1,1,1,1),(60,11,11,'Stonehaven','STN',1,1,1,1),(61,11,11,'Laurencekirk','LAU',1,1,1,1),(62,11,11,'Montrose','MTS',1,1,1,1),(63,11,11,'Arbroath','ARB',1,1,1,1),(64,11,11,'Dundee','DEE',1,1,1,1),(66,12,12,'Dundee','DEE',1,1,1,1),(67,12,12,'Leuchars for St Andrews','LEU',1,1,1,1),(68,12,12,'Cupar','CUP',1,1,1,1),(69,12,12,'Markinch','MNC',1,1,1,1),(70,12,12,'Kirkcaldy','KDY',1,1,1,1),(71,12,12,'Dalgety Bay','DAG',1,1,1,1),(72,12,12,'Edinburgh Waverley','EDB',1,1,1,1),(73,12,12,'Kirknewton','KKN',1,1,1,1),(74,12,12,'Lockerbie','LOC',0,1,1,1),(75,13,13,'Linlithgow','LIN',1,1,1,1),(76,13,13,'Edinburgh Waverley','EDB',1,1,1,1),(77,13,13,'Drem','DRM',1,1,1,1),(78,13,13,'Berwick-upon-Tweed','BWK',1,1,1,1),(79,13,14,'Alnmouth','ALM',1,1,1,1),(80,13,14,'Morpeth','MPT',1,1,1,1),(81,13,14,'Cramlington','CRM',1,1,1,1),(82,13,14,'Newcastle upon Tyne','NCL',1,1,1,1),(83,13,14,'Hexham','HEX',0,1,1,1),(84,13,14,'Haltwhistle','HWH',0,1,1,1),(85,14,15,'Polmont','PMT',1,1,1,1),(86,14,15,'Falkirk High','FKK',1,1,1,1),(87,14,15,'Westerton','WES',1,1,1,1),(88,14,15,'Dumbarton Central','DBC',1,1,1,1),(89,15,16,'Linlithgow','LIN',1,1,1,1),(90,16,17,'Dalmeny or Inverkeithing','DAM',1,1,1,1),(91,17,18,'North Berwick','NBW',1,1,1,1),(92,17,18,'Longniddry','LND',1,1,1,1),(93,17,18,'Musselburgh','MUB',1,1,1,1),(94,17,18,'Edinburgh Waverley','EDB',1,1,1,1),(95,17,18,'Dalmeny','DAM',1,1,1,1),(96,17,18,'Dalgety Bay','DAG',1,1,1,1),(97,17,18,'Kirkcaldy','KDY',1,1,1,1),(98,17,18,'Ladybank','LDY',1,1,1,1),(99,17,18,'Perth','PTH',1,1,1,1),(100,18,19,'Edinburgh Waverley','EDB',1,1,1,1),(101,18,19,'Kirknewton','KKN',1,1,1,1),(102,18,19,'Carstairs','CRS',1,1,1,1),(103,18,19,'Carluke','CLU',1,1,1,1),(104,18,19,'Motherwell','MTH',1,1,1,1),(105,18,19,'Exhibition Centre (Glasgow)','EXG',1,1,1,1),(106,18,19,'Dumbarton Central','DBC',1,1,1,1),(107,18,19,'Helensburgh Upper','HLU',1,1,1,1),(108,19,20,'Edinburgh Waverley','EDB',1,1,1,1),(109,19,20,'Kirknewton','KKN',1,1,1,1),(110,19,20,'Carstairs','CRS',1,1,1,1),(111,19,20,'Carluke','CLU',1,1,1,1),(112,19,20,'Motherwell','MTH',1,1,1,1),(113,19,20,'Exhibition Centre (Glasgow)','EXG',1,1,1,1),(114,19,20,'Dumbarton Central','DBC',1,1,1,1),(115,19,20,'Helensburgh Upper','HLU',1,1,1,1),(116,20,21,'North Berwick','NBW',1,1,1,1),(117,20,21,'Longniddry','LND',1,1,1,1),(118,20,21,'Musselburgh','MUB',1,1,1,1),(119,20,21,'Edinburgh Waverley','EDB',1,1,1,1),(120,20,21,'Linlithgow','LIN',1,1,1,1),(121,20,21,'Falkirk High','FKK',1,1,1,1),(122,20,21,'Croy','CRO',1,1,1,1),(123,20,21,'Westerton','WES',1,1,1,1),(124,21,22,'North Berwick','NBW',1,1,1,1),(125,21,22,'Longniddry','LND',1,1,1,1),(126,21,22,'Musselburgh','MUB',1,1,1,1),(127,21,22,'Edinburgh Waverley','EDB',1,1,1,1),(128,21,22,'Linlithgow','LIN',1,1,1,1),(129,21,22,'Falkirk High','FKK',1,1,1,1),(130,21,22,'Croy','CRO',1,1,1,1),(131,21,22,'Westerton','WES',1,1,1,1),(132,22,23,'Glenrothes with Thornton','GLT',1,1,1,1),(133,22,23,'Kirkcaldy','KDY',1,1,1,1),(134,22,23,'Dalgety Bay','DAG',1,1,1,1),(135,22,23,'Edinburgh Waverley','EDB',1,1,1,1),(136,22,23,'Kirknewton','KKN',1,1,1,1),(137,22,23,'Lockerbie','LOC',1,1,1,1);
/*!40000 ALTER TABLE `joining` ENABLE KEYS */;
UNLOCK TABLES;

--
-- Table structure for table `limits`
--

DROP TABLE IF EXISTS `limits`;
/*!40101 SET @saved_cs_client     = @@character_set_client */;
/*!40101 SET character_set_client = utf8 */;
CREATE TABLE `limits` (
  `id` int(11) NOT NULL AUTO_INCREMENT,
  `serviceid` int(11) NOT NULL,
  `first` int(11) NOT NULL,
  `standard` int(11) NOT NULL,
  `firstsingles` int(11) NOT NULL,
  `meala` int(11) NOT NULL,
  `mealb` int(11) NOT NULL,
  `mealc` int(11) NOT NULL,
  `meald` int(11) NOT NULL,
  `maxparty` int(11) NOT NULL,
  `maxpartyfirst` int(11) NOT NULL,
  PRIMARY KEY (`id`)
) ENGINE=InnoDB AUTO_INCREMENT=23 DEFAULT CHARSET=utf8 COLLATE=utf8_unicode_ci;
/*!40101 SET character_set_client = @saved_cs_client */;

--
-- Dumping data for table `limits`
--

LOCK TABLES `limits` WRITE;
/*!40000 ALTER TABLE `limits` DISABLE KEYS */;
INSERT INTO `limits` VALUES (1,1,75,65,11,150,0,0,0,0,0),(2,2,64,84,17,150,0,0,0,0,0),(3,3,42,39,10,150,100,150,0,0,0),(4,4,28,43,0,50,12,57,0,0,0),(5,5,50,50,20,150,150,150,0,1,0),(6,6,30,50,0,100,0,100,0,0,0),(7,7,120,100,4,100,100,0,0,0,0),(8,8,120,150,14,200,0,0,0,0,0),(9,9,57,142,9,100,0,0,0,0,0),(10,10,25,40,0,60,0,60,0,0,0),(11,11,51,48,13,73,0,75,0,2,2),(12,12,100,200,13,38,7,200,0,16,0),(13,14,30,200,0,200,150,200,0,16,6),(14,13,100,200,7,45,25,200,0,12,6),(15,15,100,200,20,200,0,0,0,16,0),(16,16,100,200,20,200,0,0,0,16,0),(17,17,126,200,14,200,200,200,0,16,0),(18,18,60,100,10,200,200,200,0,16,0),(19,19,30,50,0,80,0,80,0,16,0),(20,20,60,100,10,200,200,200,0,16,0),(21,21,30,50,0,80,0,80,0,16,0),(22,22,150,200,14,200,200,200,0,16,0);
/*!40000 ALTER TABLE `limits` ENABLE KEYS */;
UNLOCK TABLES;

--
-- Table structure for table `priceband`
--

DROP TABLE IF EXISTS `priceband`;
/*!40101 SET @saved_cs_client     = @@character_set_client */;
/*!40101 SET character_set_client = utf8 */;
CREATE TABLE `priceband` (
  `id` int(11) NOT NULL AUTO_INCREMENT,
  `serviceid` int(11) NOT NULL,
  `destinationid` int(11) NOT NULL,
  `pricebandgroupid` int(11) NOT NULL,
  `first` decimal(10,2) NOT NULL,
  `standard` decimal(10,2) NOT NULL,
  `child` decimal(10,2) NOT NULL,
  PRIMARY KEY (`id`)
) ENGINE=InnoDB AUTO_INCREMENT=29 DEFAULT CHARSET=utf8 COLLATE=utf8_unicode_ci;
/*!40101 SET character_set_client = @saved_cs_client */;

--
-- Dumping data for table `priceband`
--

LOCK TABLES `priceband` WRITE;
/*!40000 ALTER TABLE `priceband` DISABLE KEYS */;
INSERT INTO `priceband` VALUES (1,1,1,1,65.00,45.00,33.00),(2,2,2,2,65.00,45.00,33.00),(3,3,3,3,95.00,64.00,48.00),(4,4,4,4,95.00,64.00,48.00),(5,5,5,5,115.00,79.00,57.00),(7,6,7,6,79.00,59.00,39.00),(8,7,8,7,89.00,64.00,48.00),(9,8,9,8,72.00,49.00,36.00),(10,9,10,9,86.00,59.00,43.00),(11,10,11,10,79.00,54.00,39.00),(12,11,12,11,95.00,64.00,48.00),(13,12,13,12,95.00,64.00,48.00),(14,13,14,13,95.00,64.00,48.00),(15,13,15,13,104.00,73.00,53.00),(16,13,17,13,111.00,80.00,62.00),(17,13,14,14,90.00,61.00,48.00),(18,13,15,14,99.00,70.00,53.00),(19,13,17,14,106.00,77.00,62.00),(20,14,18,15,115.00,79.00,57.00),(21,15,19,16,69.00,47.00,35.00),(22,16,20,17,69.00,47.00,35.00),(23,17,21,18,99.00,67.00,49.00),(24,18,22,19,122.00,82.00,62.00),(25,19,23,20,79.00,59.00,39.00),(26,20,24,21,122.00,82.00,62.00),(27,21,25,22,79.00,59.00,39.00),(28,22,26,23,99.00,67.00,49.00);
/*!40000 ALTER TABLE `priceband` ENABLE KEYS */;
UNLOCK TABLES;

--
-- Table structure for table `pricebandgroup`
--

DROP TABLE IF EXISTS `pricebandgroup`;
/*!40101 SET @saved_cs_client     = @@character_set_client */;
/*!40101 SET character_set_client = utf8 */;
CREATE TABLE `pricebandgroup` (
  `id` int(11) NOT NULL AUTO_INCREMENT,
  `serviceid` int(11) NOT NULL,
  `name` varchar(150) COLLATE utf8_unicode_ci NOT NULL,
  PRIMARY KEY (`id`)
) ENGINE=InnoDB AUTO_INCREMENT=24 DEFAULT CHARSET=utf8 COLLATE=utf8_unicode_ci;
/*!40101 SET character_set_client = @saved_cs_client */;

--
-- Dumping data for table `pricebandgroup`
--

LOCK TABLES `pricebandgroup` WRITE;
/*!40000 ALTER TABLE `pricebandgroup` DISABLE KEYS */;
INSERT INTO `pricebandgroup` VALUES (1,1,'Normal Fares'),(2,2,'Normal Fares'),(3,3,'Normal Fares'),(4,4,'Normal Fares'),(5,5,'Normal Fares'),(6,6,'Normal Fares'),(7,7,'Normal Fares'),(8,8,'Normal Fares'),(9,9,'Normal Fares'),(10,10,'Fort William'),(11,11,'Normal Fares'),(12,12,'Normal Fares'),(13,13,'From North of Tweed'),(14,13,'From South of Tweed'),(15,14,'Normal Fares'),(16,15,'Normal Fares'),(17,16,'Normal Fares'),(18,17,'Normal Fares'),(19,18,'Fares to Mallaig'),(20,19,'Fares to Fort William'),(21,20,'Fares to Mallaig'),(22,21,'Fares to Fort William'),(23,22,'Normal Fares');
/*!40000 ALTER TABLE `pricebandgroup` ENABLE KEYS */;
UNLOCK TABLES;

--
-- Table structure for table `purchase`
--

DROP TABLE IF EXISTS `purchase`;
/*!40101 SET @saved_cs_client     = @@character_set_client */;
/*!40101 SET character_set_client = utf8 */;
CREATE TABLE `purchase` (
  `id` int(11) NOT NULL AUTO_INCREMENT,
  `timestamp` int(11) NOT NULL,
  `serviceid` int(11) NOT NULL,
  `created` int(11) NOT NULL,
  `seskey` varchar(200) COLLATE utf8_unicode_ci NOT NULL,
  `type` varchar(1) COLLATE utf8_unicode_ci NOT NULL,
  `code` varchar(50) COLLATE utf8_unicode_ci NOT NULL,
  `bookingref` varchar(50) COLLATE utf8_unicode_ci NOT NULL,
  `completed` tinyint(1) NOT NULL,
  `manual` tinyint(1) NOT NULL,
  `title` varchar(15) COLLATE utf8_unicode_ci NOT NULL,
  `surname` varchar(50) COLLATE utf8_unicode_ci NOT NULL,
  `firstname` varchar(50) COLLATE utf8_unicode_ci NOT NULL,
  `address1` varchar(50) COLLATE utf8_unicode_ci NOT NULL,
  `address2` varchar(50) COLLATE utf8_unicode_ci NOT NULL,
  `city` varchar(50) COLLATE utf8_unicode_ci NOT NULL,
  `county` varchar(50) COLLATE utf8_unicode_ci NOT NULL,
  `postcode` varchar(20) COLLATE utf8_unicode_ci NOT NULL,
  `phone` varchar(50) COLLATE utf8_unicode_ci NOT NULL,
  `email` varchar(50) COLLATE utf8_unicode_ci NOT NULL,
  `joining` varchar(5) COLLATE utf8_unicode_ci NOT NULL,
  `destination` varchar(5) COLLATE utf8_unicode_ci NOT NULL,
  `class` varchar(1) COLLATE utf8_unicode_ci NOT NULL,
  `adults` int(11) NOT NULL,
  `children` int(11) NOT NULL,
  `meala` int(11) NOT NULL,
  `mealb` int(11) NOT NULL,
  `mealc` int(11) NOT NULL,
  `meald` int(11) NOT NULL,
  `payment` decimal(10,2) NOT NULL,
  `seatsupplement` tinyint(1) NOT NULL,
  `comment` varchar(40) COLLATE utf8_unicode_ci NOT NULL,
  `date` date NOT NULL,
  `status` varchar(50) COLLATE utf8_unicode_ci NOT NULL,
  `statusdetail` varchar(255) COLLATE utf8_unicode_ci NOT NULL,
  `cardtype` varchar(15) COLLATE utf8_unicode_ci NOT NULL,
  `last4digits` int(11) NOT NULL,
  `bankauthcode` int(11) NOT NULL,
  `declinecode` int(11) NOT NULL,
  `emailsent` tinyint(1) NOT NULL,
  PRIMARY KEY (`id`)
) ENGINE=InnoDB AUTO_INCREMENT=3260 DEFAULT CHARSET=utf8 COLLATE=utf8_unicode_ci;
/*!40101 SET character_set_client = @saved_cs_client */;

--
-- Dumping data for table `purchase`
--

LOCK TABLES `purchase` WRITE;
/*!40000 ALTER TABLE `purchase` DISABLE KEYS */;
INSERT INTO `purchase` VALUES (26,1363262741,3,1363262683,'40f7ce50da4500d76c1a7adbd60d55d66c526d1b','O','130504','OL26',1,0,'Mrs','Paterson','Sarah Lynn','27 Kincardine Place','Calderwood','East Kilbride','Lanarkshire','G74 3DN','07784065341','sarahlynnclark@aol.co.uk','WES','MLG','F',2,0,2,2,2,0,250.00,1,'','2013-03-14','OK',' The Authorisation was Successful.','MC',6981,562852,0,0),(27,1363263805,1,1363263692,'86bf899d24c1aa3732e25ec8b7fb1ff70d8d811c','O','130421a','OL27',1,0,'Dr','Triggs','Graham','Bell Hill House','St Abbs','Eyemouth','Berwickshire','TD14 5QF','01890771343','graham.triggs@dsl.pipex.com','LIN','LIN','S',2,0,2,0,0,0,110.00,0,'','2013-03-14','OK',' The Authorisation was Successful.','DELTA',7106,149672,0,0),(37,1363342751,2,1363342648,'35ffbe6d7423a6a0470c0c490cfb9890cfe350d8','O','130421b','OL37',1,0,'Mr','Murphy','Brendan','60 Piper Crescent','','Burntisland','Fife','KY30JT','01592872564','brendanmurphy@nhs.net','DAM','INK','S',4,0,0,0,0,0,180.00,0,'','2013-03-15','','','',0,0,0,0),(38,1363348207,1,1363348009,'57fd21d0b3ea22329198641e67b40f71e48f7b88','O','130421a','OL38',1,0,'Mrs','Rooney','Helen','31 Strathmore Grove','Hairmyres','East Kilbride','Lanarkshire','G75 8GF','07786063709','stephen1702@sky.om','LIN','LIN','S',2,0,0,0,0,0,90.00,0,'','2013-03-15','OK',' The Authorisation was Successful.','DELTA',5146,266,0,0),(49,1363427472,1,1363427417,'a536b44440fca02e8f047a6ea586c6c9b2904391','O','130421a','OL49',1,0,'Mr','Lawson','Gary','28 Letham Way','','Dalgety Bay','Fife','KY119FQ','07855667174','gslawson@virginmedia.com','LIN','LIN','S',2,1,3,0,0,0,153.00,0,'','2013-03-16','OK',' The Authorisation was Successful.','MC',2817,0,0,0),(55,1363435498,3,1363435240,'f7dc6a151ad48a4840594ff94ff85ae3788873ce','O','130504','OL55',1,0,'Mr','Bruce','Robert','50 Erskine Hill','Polmont','FALKIRK','Stirlingshire','FK2 0UQ','01324716918','randm2.bruce@btinternet.com','FKK','MLG','F',2,0,0,0,2,0,234.00,1,'','2013-03-16','OK',' The Authorisation was Successful.','DELTA',3084,490852,0,0),(60,1363463775,3,1363463449,'a7edf62ffd5e5aadf19cc24be869a5b55f5631c2','O','130504','OL60',1,0,'Mrs','Short','Sheena','27 Callander Drive','','Larbert','Stirlingshire','FK5 3ES','01324878570','sheenashort@blueyonder.co.uk','FKK','MLG','F',2,0,2,0,0,0,226.00,1,'','2013-03-16','OK',' The Authorisation was Successful.','MCDEBIT',619,333200,0,0),(62,1363515549,2,1363515431,'04b856ef5b77a0d9f8ddbba07967ffcbe39d8dd5','O','130421b','OL62',1,0,'MR','SCOTLAND','WALTER','13 CARSE VIEW','AIRTH','FALKIRK','STIRLINGSHIRE','FK2 8NY','07710417134','waltz@blueyonder.co.uk','DAM','INK','F',3,0,0,0,0,0,195.00,0,'','2013-03-17','OK',' The Authorisation was Successful.','MC',3974,33389,0,0),(64,1363517373,2,1363517216,'7321c0be580fd7d117a86bab330c6dca49b475c6','O','130421b','OL64',1,0,'Mr','Stewart','Alastair','9 Dean Park Gardens','','Kirkcaldy','Fife','KY26XX','07512026024','astewart9@blueyonder.co.uk','DAM','INK','S',2,0,0,0,0,0,90.00,0,'','2013-03-17','OK',' The Authorisation was Successful.','MC',8269,64634,0,0),(66,1363525331,2,1363525236,'0d4101e7cfa86e12bfef27c9670591eeb742fbd5','O','130421b','OL66',1,0,'Mrs','Muckley','Ruth','60 New Flockhouse','60','Lochore','Fife','KY5 8HL','07912550522','waltonr59@hotmail.co.uk','DAM','INK','S',3,0,3,0,0,0,165.00,0,'','2013-03-17','OK',' The Authorisation was Successful.','DELTA',7008,544788,0,0),(68,1363530261,2,1363530052,'31dee4e588416f5a33ddcc080d1aa1137a1f8d16','O','130421b','OL68',1,0,'Mr','Horne','Jim','23 Kilbagie St','Kincardine','Alloa','Fife','FK10 4QX','01259 730797','jash333@freenetname.co.uk','DAM','INK','F',2,0,2,0,0,0,170.00,1,'','2013-03-17','OK',' The Authorisation was Successful.','DELTA',2788,294350,0,0),(74,1363554238,1,1363554129,'1b89a2ae06d46aad61c58fb98183a56d6fe76f21','O','130421a','OL74',1,0,'Dr','Harris','Julie','Powfoulis Stables','','Falkirk','Stirlingshire','FK2 8PP','07989153817','julie_badcock@yahoo.co.uk','LIN','LIN','F',2,0,2,0,0,0,150.00,0,'','2013-03-17','OK',' The Authorisation was Successful.','DELTA',9523,212590,0,0),(76,1363607908,1,1363607838,'f110e56f5483a6d36329a424e206d9135c22629a','O','130421a','OL76',1,0,'Mr','Deuchars','Christopher','84 CARSE KNOWE','','LINLITHGOW','West Lothian','EH49 7LG','07909092324','c.deuchars@gmail.com','LIN','LIN','S',2,0,0,0,0,0,90.00,0,'','2013-03-18','OK',' The Authorisation was Successful.','DELTA',9697,691672,0,0),(79,1363629816,2,1363629638,'6092dfc894c35287b7f3c6e01d09b87ce7c3ca52','O','130421b','OL79',1,0,'Mr','Yull','Len','Pottiemill Cottage','Glenfarg','Perth','Perth And Kinross','PH2 9PT','01738 850706','yullforest@aol.com','DAM','INK','F',3,0,3,0,0,0,225.00,0,'','2013-03-18','OK',' The Authorisation was Successful.','VISA',8034,239732,0,0),(84,1363698320,1,1363698222,'465c0de94334b4d9c3430efb222627a45155ea38','O','130421a','OL84',1,0,'Miss','Grieve','Sarah','27 Hendrie Crescent','East Wemyss','Kirkcaldy','Fife','KY1 4LF','01592560846','sospiro@blueyonder.co.uk','LIN','LIN','S',1,0,0,0,0,0,45.00,0,'','2013-03-19','OK',' The Authorisation was Successful.','DELTA',5987,978184,0,0),(85,1363778728,2,1363778511,'970a831f26e5d9360388d97be96ce70609170ec0','O','130421b','OL85',1,0,'Mr.','AnOny','A','10 HIGH STREET','','Somewhere','','AAA123E','','a','DAM','INK','F',2,0,2,0,0,0,170.00,1,'','2013-03-20','','','',0,0,0,0),(88,1363790894,3,1363790784,'8fb3ccefdccb90fa050cb1d41cb2d6505e4fb883','O','130504','OL88',1,0,'Mrs.','Nicholson','Christine','47 Stevenson Avenue','','GLENROTHES','Fife','KY6 1EQ','01592759185','christinegnicholson@talktalk.net','KDY','MLG','F',4,0,4,0,4,0,460.00,0,'','2013-03-20','','','',0,0,0,0),(92,1363854039,1,1363853858,'e669dcb97f0793491b8b5ae0ab111b1b75b9ec48','O','130421a','OL92',1,0,'Mr','Bryce','David','20 Glamis Gardens','POLMONT','Falkirk','','FK2 0YJ','01324716819','rennboot@virginmedia.com','LIN','LIN','S',1,0,0,0,0,0,45.00,0,'','2013-03-21','OK',' The Authorisation was Successful.','DELTA',7923,21389,0,0),(93,1363883245,3,1363882986,'728ccd2029dca51c19b0263ee542fe8ad28c4c50','O','130504','OL93',1,0,'Mrs','Nicholson','Christine','47 Stevenson Avenue','','Glenrothes','Fife','KY6 1EQ','01592 759185','christinegnicholson@talktalk.net','KDY','MLG','F',4,0,4,0,4,0,460.00,0,'','2013-03-21','OK',' The Authorisation was Successful.','MC',8095,0,0,0),(96,1363899257,1,1363899151,'8a41a7648460d3336cd48eaceecac27c2944a9df','O','130421a','OL96',1,0,'Mr','Chown','David Angus','1, Woodcot Gardens','','STONEHAVEN','Kincardineshire','AB39 2ZH','01569766024','guschown@aol.com','LIN','LIN','S',1,0,0,0,0,0,45.00,0,'','2013-03-21','OK',' The Authorisation was Successful.','VISA',5,11296,0,0),(100,1363950409,1,1363950290,'90eb33e9d3f11592fc013b0c00a79df89ce9715e','O','130421a','OL100',1,0,'','B','A','1','','D','','AB1 2CD','','a@b.com','LIN','LIN','F',1,0,0,0,0,0,65.00,0,'','2013-03-22','','','',0,0,0,0),(101,1363964821,2,1363962995,'a836433b424c7e634d82cb7093dda5f198560908','O','130421b','OL101',1,0,'Mrs','Donnelly','Maralyn','29 Park Lea','Rosyth','Dunfermline','Fife','KY11 2LH','01383 417395','maralyn.donnelly@btinternet.com','DAM','INK','F',2,0,2,0,0,0,150.00,0,'','2013-03-22','OK',' The Authorisation was Successful.','MC',7072,602938,0,0),(103,1363963603,1,1363963519,'1192998bce2455e6214fb13d0e414add04a7bda9','O','130421a','OL103',1,0,'Mr','Shaw','Phillip','22 Partridge Way','Mickleover','Derby','Derbyshire','DE3 9XB','01332512458','felixcalf@gmail.com','LIN','LIN','F',1,0,0,0,0,0,65.00,0,'','2013-03-22','ABORT',' The Transaction was cancelled by the customer.','',0,0,0,0),(104,1363964712,1,1363964653,'052ccaca1eb922cfbc70f64d071e7914233006fd','O','130421a','OL104',1,0,'Mr','Shaw','Phillip','22 Partridge Way','Mickleover','Derby','Derbyshire','DE3 9XB','01332512458','felixcalf@gmail.com','LIN','LIN','F',1,0,0,0,0,0,65.00,0,'','2013-03-22','OK',' The Authorisation was Successful.','DELTA',9341,201642,0,0),(105,1363964897,2,1363964837,'e0331b03d5278760dfa7c81491ef2268078a870f','O','130421b','OL105',1,0,'Mr','Shaw','Phillip','22 Partridge Way','Mickleover','Derby','Derbyshire','DE3 9XB','01332512458','felixcalf@gmail.com','DAM','INK','F',1,0,0,0,0,0,65.00,0,'','2013-03-22','OK',' The Authorisation was Successful.','DELTA',9341,204264,0,0),(116,1364037127,3,1364037021,'09b938da194a4b2aebe317828b6e9ab8932d0842','O','130504','OL116',1,0,'MRS','BALFOUR','CATHERINE','10','WESTGATE','LESLIE','FIFE','KY63LP','01592744734','margaret_gillies@hotmail.com','GLT','MLG','F',3,0,0,0,3,0,321.00,0,'','2013-03-23','OK',' The Authorisation was Successful.','MC',6759,0,0,0),(117,1364039560,6,1364039428,'a00aeae6d0c0430fd96b8aae169da6538467f7fd','O','130601a','OL117',1,0,'Mr.','Hunt','Andrew','5 Braemar Court','','Gateshead','Tyne And Wear','NE10 0SW','0191 4694797','andrew.hunt@lw.com','PYG','FTW','F',1,0,0,0,0,0,79.00,0,'','2013-03-23','ABORT',' The Transaction was cancelled by the customer.','',0,0,0,0),(118,1364045532,9,1364045356,'a3f0fb419a720a021a8ed950186a21c781f20c18','O','130616b','OL118',1,0,'Mr','Dolan','Graham','Wood Cottage, High Street','Ayton','EYEMOUTH','Berwickshire','TD14 5QL','01890781411','graham@dolan46.freeserve.co.uk','EDB','EDB','S',4,0,0,0,0,0,236.00,0,'','2013-03-23','OK',' The Authorisation was Successful.','MC',2744,59032,0,0),(122,1364049055,2,1364048846,'fd4fbe7a5f725461346b8b5de4f1d94ea1e3f39e','O','130421b','OL122',1,0,'Mr','Beveridge','Bruce','12','Woodlands Drive','Crossford','Fife','KY12 8QE','07960960803','diane.pratt@hotmail.com','DAM','INK','S',2,0,0,0,0,0,90.00,0,'','2013-03-23','REJECTED','The number of authorisation attempts exceeds the limit.','',0,0,0,0),(123,1364049551,2,1364049401,'75a1bf06fd29b00a775a4b00f70ae924e101f68a','O','130421b','OL123',1,0,'Mr','Beveridge','Bruce','12','Woodlands Drive','Crossford','Fife','KY128QE','07960960803','diane.pratt@hotmail.com','DAM','INK','S',2,0,0,0,0,0,90.00,0,'','2013-03-23','OK',' The Authorisation was Successful.','DELTA',4483,383954,0,0),(125,1364051524,7,1364051390,'abd4e2f2699e8cce70d6b6882909d98ebc22938b','O','130608','OL125',1,0,'Mr','Glasgow','David','Braidwood','Churchill Avenue','Stranraer','Wigtownshire','DG9 0JD','01776 703994','the_glasgows@btopenworld.com','EDB','INV','F',2,0,2,2,0,0,230.00,1,'','2013-03-23','OK',' The Authorisation was Successful.','VISA',303,276742,0,0),(127,1364053896,3,1364053728,'19d38c11e946ae00cf5850529e2848c39323e56b','O','130504','OL127',1,0,'Mrs','Parker','Linda','4 Pine Close','Abronhill','Cumbernauld','Glasgow','G67 3BA','01236739722','sparker5853@btinternet.com','CRO','MLG','S',4,0,4,0,4,0,336.00,0,'','2013-03-23','OK',' The Authorisation was Successful.','VISA',2905,74084,0,0),(128,1364054919,2,1364054733,'6ec8a23ca8dbef66f18d5c07bd91d55923041d2b','O','130421b','OL128',1,0,'Mr','McBain','Neil','47 SELKIRK AVENUE','','GLASGOW','LANARKSHIRE','G52 3EL','07877539582','neil2210@hotmail.co.uk','DAM','INK','F',2,0,2,0,0,0,150.00,0,'','2013-03-23','OK',' The Authorisation was Successful.','MC',9429,7502,0,0),(131,1364067299,2,1364067175,'a2acbe6f81f2f495c650849db3f8ca27fffac5af','O','130421b','OL131',1,0,'Mr','Beattie','Ian','81 Haswell Gardens','','North Shields','Tyne And Wear','NE302DR','','ian_beattie@blueyonder.co.uk','DAM','INK','F',2,0,2,0,0,0,150.00,0,'','2013-03-23','OK',' The Authorisation was Successful.','MC',4447,0,0,0),(138,1364130648,2,1364130383,'4abdcd8610107eeceb17b250034da1cbd6132c06','O','130421b','OL138',1,0,'Mr','Barry','Nicholas','8','Fairway Court','Kelso','Roxbutghshire','TD57SG','01573229148','nickbarry46@yahoo.co.uk','DAM','INK','S',2,0,2,0,0,0,110.00,0,'','2013-03-24','OK',' The Authorisation was Successful.','DELTA',7143,432858,0,0),(148,1364217452,8,1364217369,'5ea2e2c41bdcc6ce4a06a113128565afa9b5518a','O','130616a','OL148',1,0,'Mrs','McCune','Marion','9 Bankton Glade','','Livingston','West Lothian','EH549DG','07786800777','marion.mccune@scotsts.com','EDB','EDB','F',6,0,0,0,0,0,432.00,0,'','2013-03-25','OK',' The Authorisation was Successful.','MC',3745,25138,0,0),(149,1364229277,7,1364228840,'582d5db47aec117a306a697e73032047e1c8c650','O','130608','OL149',1,0,'MR','BRUCE','GRAEME','84 EASTCLIFFE','SPITTAL','BERWICK UPON TWEED','NORTHUMBERLAND','TD152JA','441289331609','brucesuribachi@aol.com','BWK','INV','S',2,0,2,2,0,0,160.00,0,'','2013-03-25','OK',' The Authorisation was Successful.','DELTA',3602,15610,0,0),(151,1364237541,7,1364237192,'c122dc5e735c5b555901d18f709c23fa8fbb39aa','O','130608','OL151',1,0,'Mr','Brown','Tony','The Garden House','Grindon Rigg','Berwick-upon-Tweed','Northumberland','TD15 2PT','01289 382547','tony-brown@fsmail.net','BWK','INV','F',2,0,2,2,0,0,230.00,1,'','2013-03-25','','','',0,0,0,0),(154,1364252639,3,1364251837,'bbc231f9fd75bdd5854cdb350cf64622f4afba83','O','130504','OL154',1,0,'Mr','Colby','Christopher','PO Box 16504','','Arlington','Va, USA','22215','401-262-3403','bmrr@comcast.net','DAG','MLG','S',3,0,3,0,2,0,240.00,0,'','2013-03-25','','','',0,0,0,0),(165,1364330152,9,1364329921,'eab6bdf0ab16d4571ea0bd0df7dc7a8beff626b0','O','130616b','OL165',1,0,'Mr','Adamson','Stuart','48 Crosshill Rd','','Strathaven','Lanarkshire','ML10 6DS','01357 520049','adamson_s@btinternet.com','EDB','EDB','S',2,0,2,0,0,0,142.00,0,'','2013-03-26','OK',' The Authorisation was Successful.','DELTA',6428,547181,0,0),(171,1364408094,2,1364407613,'a07f99689a22d9d22766964f4f67f30502ee9087','O','130421b','OL171',1,0,'Mr','Barclay','John','6 Parliament Place','Kinglassie','LOCHGELLY','Fife','KY5 0XD','07947938227','johnbarclay66@btinternet.com','DAM','INK','S',2,0,0,0,0,0,90.00,0,'','2013-03-27','OK',' The Authorisation was Successful.','DELTA',4634,27674,0,0),(174,1364412321,5,1364411799,'f114d27acec7237285cc719403f9ce0d092a7611','O','130601','OL174',1,0,'Mr','Douglas','John','2','Alderston Place','Ayr','Ayrshire','KA89BG','01292 262552','jgd2@sky.com','AYR','MLG','F',2,0,2,0,0,0,246.00,0,'','2013-03-27','OK',' The Authorisation was Successful.','DELTA',7580,7687,0,0),(175,1364412596,5,1364412233,'cd87d871409a566616773c24f3348efa73f2a0ec','O','130601','OL175',1,0,'Mrs','Duncan','Moira','8A  Midton Road','','AYR','','KA7 2SF','01292285586','moiraduncan5@hotmail.com','AYR','MLG','F',2,0,2,0,2,0,270.00,0,'','2013-03-27','OK',' The Authorisation was Successful.','MC',3121,94430,0,0),(176,1364412870,5,1364412763,'65dffa513410936753ed468b40a4f245b16b56d7','O','130601','OL176',1,0,'Dr','Wham','Alasdair','10','Earls Way','Ayr','Ayrshire','KA74HE','01292 441401','ajwham10@yahoo.co.uk','AYR','MLG','F',3,0,3,3,3,0,435.00,0,'','2013-03-27','OK',' The Authorisation was Successful.','VISA',8609,27724,0,0),(180,1364421194,5,1364420891,'8f402419d7a7c4eda78ed32ab20355afbaba93f4','O','130601','OL180',1,0,'Mrs','Mccallum','Fiona','12 Carrick Place','','Prestwick','South Ayrshire','KA9 1RT','01292 477327','mccallumnic@aol.com','PTW','MLG','F',2,0,2,2,2,0,310.00,1,'','2013-03-27','OK',' The Authorisation was Successful.','MC',4658,724348,0,0),(181,1364422381,5,1364421965,'d5957612a7dce02eaa87bad9f52a5f7414b5a19c','O','130601','OL181',1,0,'Mr','DONOHOE','Brian','5 Greenfield Drive','','Irvine','Ayrshire','KA12 0ED','0207 219 6230','donohoeb@parliament.uk','IRV','MLG','F',2,0,2,0,2,0,290.00,1,'','2013-03-27','OK',' The Authorisation was Successful.','MC',1149,0,0,0),(183,1364423942,5,1364423467,'1d6d801bd500732db5a9fba4eb2a0888300a4707','O','130601','OL183',1,0,'Mrs','Boyd','Kim','Millershill Farm','Stair','Mauchline','Ayrshire','KA55NY','01292541406','kimchristinaboys@hotmail.co.uk','AYR','MLG','F',2,0,1,0,2,0,282.00,1,'','2013-03-27','OK',' The Authorisation was Successful.','VISA',589,45275,0,0),(186,1364437826,3,1364436829,'6d5abbe19252ef9485e6cebb57d68b9e7e3fb00f','O','130504','OL186',1,0,'Ms','Colby','Heather','Richmond, American Int U','1 St Albans Grove','Kensington, London','','W8 5PN','USA401-261-3403','bmrr@comcast.net','DAG','MLG','S',3,0,2,0,2,0,232.00,0,'','2013-03-28','','','',0,0,0,0),(191,1364489972,1,1364489738,'6f81c50ee1e52f4254db2ad6942811649ffa930f','O','130421a','OL191',1,0,'Mr','Herbison','John','25 Cramond Park','','Edinburgh','','EH4 6PX','0131-336 4263','herbedin@yahoo.com','LIN','LIN','S',1,0,0,0,0,0,45.00,0,'','2013-03-28','ABORT',' The Transaction was cancelled by the customer.','',0,0,0,0),(194,1364495952,3,1364495772,'1bcc65f803f5d934075c08370d2cdbf99ef06af4','O','130504','OL194',1,0,'Mr','Jones','Barry-Michael','Stettinerstr 23','','Isernhagen','Germany','30916','0049 511 459992','bmjones@web.de','GLT','MLG','S',2,0,2,2,2,0,188.00,0,'','2013-03-28','OK',' The Authorisation was Successful.','VISA',9857,821040,0,0),(195,1364497065,1,1364496879,'39db6784efdf028b585a17d4baa9d6bc1283aeda','O','130421a','OL195',1,0,'Mr','Jones','Nicholas','31 Ashwood Road','Bridge Of Don','Aberdeen','','AB22 8XR','07768 631867','nicholas_w_jones@hotmail.com','LIN','LIN','S',1,0,0,0,0,0,45.00,0,'','2013-03-28','OK',' The Authorisation was Successful.','DELTA',4977,28353,0,0),(198,1364501125,2,1364501040,'f56fda4dfa530d9c401c304e404745e5b5efbf67','O','130421b','OL198',1,0,'','Bbbb','Aaa','233 Aaa','','Abc','','FK10 3AA','','abc@def.com','DAM','INK','F',2,0,0,0,0,0,150.00,1,'','2013-03-28','','','',0,0,0,0),(199,1364501799,2,1364501698,'8ec678db45c431b48a6e0b5248a5fdb2962606b4','O','130421b','OL199',1,0,'Mrs','Watson','E','37 Western Drive','Hanslope','Milton Keynes','','MK19 7LB','07866479447','info@eastercorner.plus.com','DAM','INK','F',2,0,0,0,0,0,150.00,1,'','2013-03-28','OK',' The Authorisation was Successful.','DELTA',3470,6435,0,0),(200,1364503200,2,1364503071,'87f98d029606086722dac0a0b6d55f0973ead06a','O','130421b','OL200',1,0,'Mr','Evans','John','157 Victoria Road West','','Hebburn','Tyne And Wear','NE31 1UR','01914226545','johnevans1@blueyonder.co.uk','DAM','INK','F',2,0,2,0,0,0,150.00,0,'','2013-03-28','REJECTED','The number of authorisation attempts exceeds the limit.','',0,0,0,0),(202,1364509702,5,1364509434,'c8ea8ae19de71870ceafafbdc8c5431ddf1a61aa','O','130601','OL202',1,0,'Mr','Heath','Mark','16 Grangemuir Road','','Prestwick','South Ayrshire','KA9 1PX','01292470059','fdheath@talktalk.net','PTW','MLG','S',2,0,2,2,2,0,218.00,0,'','2013-03-28','OK',' The Authorisation was Successful.','VISA',4994,35157,0,0),(204,1364546798,2,1364546739,'21cca8d5b255000ac7aa515279e4735f2172c0f4','O','130421b','OL204',1,0,'Mr.','Evans','John','157 Victoria Road West','','Hebburn','Tyne And Wear','NE31 1UR','441914226545','johnevans1@blueyonder.co.uk','DAM','INK','F',2,0,2,0,0,0,150.00,0,'','2013-03-29','OK',' The Authorisation was Successful.','VISA',7005,58073,0,0),(205,1364549439,1,1364549377,'7080a6fa572c51ac416c9dd61e863f577f09a723','O','130421a','OL205',1,0,'Mr','Watson','Alan','44 Rennie Street','','Falkirk','Stirlingshire','FK1 5AL','01324 415558','ahw10@hotnail.com','LIN','LIN','F',2,0,0,0,0,0,150.00,1,'','2013-03-29','OK',' The Authorisation was Successful.','VISA',2268,35339,0,0),(211,1364563199,6,1364563071,'b2b003b80580e0251a17f359d91236e1e4a2c6dc','O','130601a','OL211',1,0,'Mr','Scott','Hugh','54','Ferguson Street','Ayr','Ayrshire','KA8 9QN','01292 284436','scotthm@tiscali.co.uk','AYR','FTW','F',2,0,2,0,2,0,198.00,0,'','2013-03-29','OK',' The Authorisation was Successful.','MC',3600,635499,0,0),(213,1364581460,4,1364581299,'85f16adc63c0fd2efe8e504a4966b0140baa02ca','O','130525','OL213',1,0,'Mrs','Fisher','Carole','23 Dundas Crescent','Eskbank','Dalkeith','Midlothian','EH22 3ES','01316602613','carolefisher80@hotmail.com','MUB','KYL','F',6,0,6,0,6,0,690.00,0,'','2013-03-29','ABORT',' The Transaction was cancelled by the customer.','',0,0,0,0),(215,1364582843,4,1364582700,'0c2027508b58eaa40772ab8edf06ba7d5c4a7ecd','O','130525','OL215',1,0,'Mrs','Fisher','Carole','23 Dundas Crescent','Eskbank','Dalkeith','Midlothian','EH22 3ES','01316602613','carolefisher80@hotmail.com','MUB','KYL','F',6,0,6,0,6,0,690.00,0,'','2013-03-29','OK',' The Authorisation was Successful.','VISA',5008,52548,0,0),(219,1364585499,2,1364585410,'0286699bac712e0280a5483659d59c3f53d484b1','O','130421b','OL219',1,0,'Mr','Dean','Paul','Seal Point','The Brae','North Queensferry','Fife','KY11 1JJ','01383412410','pmz.dean@gmail.com','DAM','INK','F',2,0,2,0,0,0,170.00,1,'','2013-03-29','OK',' The Authorisation was Successful.','MC',4050,643994,0,0),(220,1364590143,5,1364589154,'630f492b6822e19f9a370580b991bea8f5a03ae5','O','130601','OL220',1,0,'Mrs','Allan','Lyndsay-Anne','33 Scott Road','','Irvine','North Ayrshire','KA12 8EZ','01294 277903','missla.lovett@gmail.com','JJHN','MLG','F',2,0,2,2,2,0,310.00,1,'','2013-03-29','OK',' The Authorisation was Successful.','DELTA',5510,2800,0,0),(223,1364638128,5,1364637879,'916e4105fdd3fee5a8b24c0059f03d7c81617eaf','O','130601','OL223',1,0,'Mr','McCall','John','59','Dale Crescent','Irvine','Ayrshire','KA12ORX','01294275527','mccalljwd@gmail.com','IRV','MLG','S',2,0,0,2,0,0,178.00,0,'','2013-03-30','OK',' The Authorisation was Successful.','DELTA',4951,676812,0,0),(225,1364640341,5,1364640212,'9cd8e88cf148aa9086d67cbedfd60f6bde8b4534','O','130601','OL225',1,0,'Mr','Neill','Robert','20 Dalton Park','Doonfoot','Ayr','South Ayrshire','KA7 4GZ','01292441773','ali_neill@hotmail.com','AYR','MLG','F',1,0,1,1,1,0,155.00,1,'','2013-03-30','OK',' The Authorisation was Successful.','MC',7135,28922,0,0),(228,1364641432,9,1364641290,'af3e1bcd02120456abc6db6f44ec8239420ed68a','O','130616b','OL228',1,0,'MR','MAIR','ALAN','10 PROVOST WYND','','CUPAR','FIFE','KY155HE','01334 655676','alan@abercorn58.freeserve.co.uk','EDB','EDB','F',4,0,4,0,0,0,392.00,0,'','2013-03-30','OK',' The Authorisation was Successful.','MC',8809,97628,0,0),(231,1364644470,5,1364644345,'f9aab2667912515322892baf277b07339caf0759','O','130601','OL231',1,0,'Miss','Lapsley','Dorothy','37 Abbots Crescent','Doonfoot','Ayr','South Ayrshire','KA7 4JR','01292440377','dl20100@live.co.uk','AYR','MLG','S',3,0,0,0,0,0,237.00,0,'','2013-03-30','OK',' The Authorisation was Successful.','DELTA',7782,191461,0,0),(233,1364651572,4,1364651133,'d5f52dc7159f3c451c4c78ec49779992e71c6c5c','O','130525','OL233',1,0,'Mrs','Smith','Williamina','11 Stoneyhill Avenue','','Musselburgh','East Lothian','EH216SB','01316653788','andrew-smith23@sky.com','MUB','KYL','F',2,0,2,0,2,0,230.00,0,'','2013-03-30','OK',' The Authorisation was Successful.','MC',8850,0,0,0),(234,1364656595,5,1364656379,'13249477ebe1528aa0287e549765e11fac7ebdd3','O','130601','OL234',1,0,'Mr','Wright','John','Waterside','Uplawmoor','Glasgow','East Renfrewshire','G784AA','07715372860','barrheadleather@googlemail.com','JJHN','MLG','F',2,0,2,2,2,0,290.00,0,'','2013-03-30','OK',' The Authorisation was Successful.','DELTA',617,2734,0,0),(235,1364660720,9,1364660479,'e69b23415274e3d6ca072b9d3755a55da1f19673','O','130616b','OL235',1,0,'MR','Hamilton','Stuart','7 Greenhill Lane','Riddings','Alfreton','Derby','DE554EX','01773540565','stu7ridd@yahoo.co.uk','EDB','EDB','F',2,0,0,0,0,0,172.00,0,'','2013-03-30','OK',' The Authorisation was Successful.','VISA',6517,25825,0,0),(236,1364662020,1,1364661894,'8efa040338cfd197dc0ed79669dcf6e458bb8880','O','130421a','OL236',1,0,'Mr','Bremner','Ronald','17 Aberdour Road','','Burntisland','Fife','KY3 0EL','01592874887','charmaine.bremner@btinternet.com','LIN','LIN','F',1,0,1,0,0,0,85.00,1,'','2013-03-30','ABORT',' The Transaction was cancelled by the customer.','',0,0,0,0),(237,1364662104,3,1364661992,'37b36ef086ca169b760d809270e89f4a3e93dde4','O','130504','OL237',1,0,'Mrs','Fleming','Brenda','59 Tolsta Crescent','Polmont','Falkirk','Stirlingshire','FK20XN','01324712053','tolsta.squirrels@btinternet.com','LIN','MLG','F',4,0,0,0,4,0,428.00,0,'','2013-03-30','OK',' The Authorisation was Successful.','DELTA',7996,15266,0,0),(240,1364667526,1,1364667368,'d80224e022e35e60c3d6b11c48019c8ef0ceaf4e','O','130421a','OL240',1,0,'Mr','Speight','Richard','Inchwood Bungalow','Milton Of Campsie','Glasgow','North Lanarkshire','G66 8AL','01236-825331','rwsp8@aol.com','LIN','LIN','F',1,0,0,0,0,0,65.00,0,'','2013-03-30','OK',' The Authorisation was Successful.','MC',4346,615554,0,0),(248,1364719434,8,1364719173,'86b1d47dee8839dbbd777371606fefcfacbbbd4d','O','130616a','OL248',1,0,'Mr','Lawrie','Grant','21 Tippet Knowes Road','','Winchburgh','West Lothian','EH52 6UN','07767641402','grant.lawrie@btopenworld.com','EDB','EDB','F',2,1,0,0,0,0,180.00,0,'','2013-03-31','OK',' The Authorisation was Successful.','MC',6638,83169,0,0),(251,1364725945,7,1364725744,'e16047e2cd1cf0eef55352f06f61d9d2cde651c9','O','130608','OL251',1,0,'Mr','Rutherford','Phill','102 Ettrik Terrace','','Selkirk','','TD7 4 UP','0175022113','phill.rutherford@borders.scot.nhs.uk','BWK','INV','F',4,0,4,4,0,0,436.00,0,'','2013-03-31','OK',' The Authorisation was Successful.','VISA',7625,35820,0,0),(252,1364726116,1,1364725966,'83adc9e3b5ca0ef8f961a016f4de23197f3746fb','O','130421a','OL252',1,0,'Mr','Strachan','Ashley','Renagour','Station Road','Plains','North Lanarkshire','ML6 7JB','01236 843399','renagour@blueyonder.co.uk','LIN','LIN','F',2,0,2,0,0,0,170.00,1,'','2013-03-31','OK',' The Authorisation was Successful.','DELTA',6341,2618,0,0),(253,1364729859,1,1364729754,'65715a53e21eee3d995143ce85670d8d7eca2e79','O','130421a','OL253',1,0,'Mr','Mitchell','George','15F Clerk Street','','Brechin','Angus.','DD9 6AF','','awmitchell@tiscali.co.uk','LIN','LIN','S',1,0,1,0,0,0,55.00,0,'','2013-03-31','OK',' The Authorisation was Successful.','DELTA',1023,401680,0,0),(257,1364735273,2,1364735081,'ae42af52382708554d033a6e8f9a15f0c8135541','O','130421b','OL257',1,0,'Mr','McManus','Fred','37 Rosewood Avenue','Corsebar','Paisley','Renfrewshire','PA2 9NJ','0141 884 6227','fredmcmanus@ky.com','DAM','INK','S',4,0,0,0,0,0,180.00,0,'','2013-03-31','OK',' The Authorisation was Successful.','MC',4983,37426,0,0),(258,1364736774,1,1364736598,'bf336222de62bba64532d92f303cf15127177ea9','O','130421a','OL258',1,0,'Mr','Campbell','Alan','51 Brechin Drive','Polmont','Falkirk','','FK2 0YH','07803898187','lynal51@live.co.uk','LIN','LIN','F',2,0,2,0,0,0,150.00,0,'','2013-03-31','OK',' The Authorisation was Successful.','MC',9828,37137,0,0),(259,1364738318,6,1364738027,'12b6cdb216a3ddb5cc8c5449616bf393320cf360','O','130601a','OL259',1,0,'Mr','Thomson','Alistair','56 Willow Drive','','Girvan','Ayrshire','KA26 0DJ','01465714696','jeaps@thoms91.fsnet.co.uk','AYR','FTW','F',3,0,3,0,3,0,297.00,0,'','2013-03-31','OK',' The Authorisation was Successful.','MC',3031,0,0,0),(269,1364744720,3,1364744471,'95127b86e373754a3f6914ce6ec10a39a607995f','O','130504','OL269',1,0,'Mrs','Neill','Elizabeth','6 Grange Place','Redding','Falkirk','Stirlingshire','FK2 9UP','01324 711306','lizneill50@hotmail.co.uk','FKK','MLG','F',2,0,2,0,2,0,250.00,1,'','2013-03-31','REJECTED','The number of authorisation attempts exceeds the limit.','',0,0,0,0),(270,1364745242,3,1364745111,'44015eea41c46ba91697e12acc5ae36092cec1bf','O','130504','OL270',1,0,'Mrs','Neill','Elizabeth','6 Grange Place','Redding','Falkirk','','FK2 9UP','01324711306','lizneill50@hotmail.co.uk','FKK','MLG','F',2,0,2,0,2,0,250.00,1,'','2013-03-31','OK',' The Authorisation was Successful.','DELTA',4815,2997,0,0),(274,1364747104,3,1364746792,'77882eaa7753ecdbfb9039fbb5c66d66a82593c1','O','130504','OL274',1,0,'Mr','McDougall','Neil','15 Woodburn Way','Cumbernauld','Glasgow','','G68 9BJ','01236 734844','nmcd6529@aol.com','CRO','MLG','F',2,0,0,0,2,0,234.00,1,'','2013-03-31','OK',' The Authorisation was Successful.','MC',6961,0,0,0),(277,1364753905,1,1364753850,'c9c69bcee1e0ec072af0ba3d5d8c0c314d1f47e8','O','130421a','OL277',1,0,'Mrs','LAMONT','JEAN','12 Sycamore Avenue','','Bo\'ness','West Lothian','EH51 0RD','441506834398','sheena.lamont52@gmail.com','LIN','LIN','S',2,0,0,0,0,0,90.00,0,'','2013-03-31','OK',' The Authorisation was Successful.','DELTA',9030,482080,0,0),(281,1364762268,2,1364762134,'f97a80ad0bec29100416fab624473f2a41851b5c','O','130421b','OL281',1,0,'Mr','Middleton','Iain','47 Greenbank Road','','Edinburgh','','EH10 5RX','07881 523698','imiddlem@aol.com','DAM','INK','F',2,0,2,0,0,0,150.00,0,'','2013-03-31','OK',' The Authorisation was Successful.','DELTA',7829,522556,0,0),(290,1364805136,1,1364804963,'3e43a249cf758e42640606d57ef2f563a7cc10ca','O','130421a','OL290',1,0,'Mr','Kelegher','Brian','8 Reid Street','Salsburgh','Shotts','Lanarkshire','ML7 4LL','01698870538','brian.kelegher@southlanarkshire.gov.uk','LIN','LIN','F',2,0,0,0,0,0,130.00,0,'','2013-04-01','OK',' The Authorisation was Successful.','MC',9350,641546,0,0),(291,1364807901,2,1364807741,'635491e9add5e449bb41c96ca97a9ee4ec28bdef','O','130421b','OL291',1,0,'Mr','Swaffield','Ewan','11/4 Newhaven Main Street','','Edinburgh','Lothian','EH6 4NA','0131 244 0607','ewan.swaffield@gmail.com','DAM','INK','S',2,0,0,0,0,0,90.00,0,'','2013-04-01','OK',' The Authorisation was Successful.','DELTA',8035,357,0,0),(293,1364810235,5,1364809943,'68e7a7996d88d488ac6eeb3f504a1f5e3f281f6b','O','130601','OL293',1,0,'Mrs','Hanshaw','Pauline','95 Carcluie Crescent','','Ayr','South Ayrshire','KA7 4SZ','01292443358','pahshaw@hotmail.com','AYR','MLG','F',2,0,2,2,2,0,290.00,0,'','2013-04-01','OK',' The Authorisation was Successful.','DELTA',3319,899789,0,0),(297,1364821437,2,1364821337,'ab529b826d55a134c6fe057bfa90126ac18fc2d3','O','130421b','OL297',1,0,'Mr','Scott','Alan','26 Cawdor Drive','','Glenrothes','Fife','KY6 2HN','07720 895459','alanscott26@blueyonder.co.uk','DAM','INK','F',1,0,1,0,0,0,85.00,1,'','2013-04-01','','','',0,0,0,0),(299,1364832783,9,1364832639,'995bddde645bbeb8deaa7fc267ee8c86a90cd9ad','O','130616b','OL299',1,0,'Mr','Spowart','George','8 Dovecot Park','','Linlithgow','West Lothian','EH49 7LH','01506 845581','spowart7lh@gmail.com','EDB','EDB','S',1,0,0,0,0,0,59.00,0,'','2013-04-01','OK',' The Authorisation was Successful.','MC',4329,15659,0,0),(300,1364833247,5,1364833158,'4382d808603d2bc69a93777f3de171737d973843','O','130601','OL300',1,0,'Mr','Semple','Paul','10 Glenkinchie Road','','Kilmarnock','Ayrshire','KA3 1NE','07921618442','semple_p@hotmail.com','AYR','MLG','F',2,0,0,0,2,0,254.00,0,'','2013-04-01','OK',' The Authorisation was Successful.','MC',7001,22285,0,0),(302,1364835124,5,1364834983,'47a8d8c6e9a1dee310017ed7466101ca16337d19','O','130601','OL302',1,0,'Mrs','Christie','Amanda','24 Stobhill Crescent','','Ayr','Ayrshire','KA7 3LU','07841479200','ag.christie@btinternet.com','AYR','MLG','F',2,0,2,0,2,0,270.00,0,'','2013-04-01','OK',' The Authorisation was Successful.','VISA',9340,55792,0,0),(303,1364835924,4,1364835780,'e4249565d438eb97bdf013ddbf37483384e51923','O','130525','OL303',1,0,'Miss','Howes','Rosemary','8 Stoneyhill Wynd','','Musselburgh','East Lothian','EH21 6UJ','01316532502','rosemary6howes@yahoo.co.uk','MUB','KYL','S',3,0,0,0,0,0,192.00,0,'','2013-04-01','OK',' The Authorisation was Successful.','MC',3078,8494,0,0),(307,1364839424,2,1364839342,'e34f4b79fce1863c2ad3c556e80a90c1f1b58c8a','O','130421b','OL307',1,0,'Mr','Tyson','Martin','18 William Street','','Kirkcaldy','Fife','KY1 1TR','01592 268021','martin.gwen18@btinternet.com','DAM','INK','S',2,0,2,0,0,0,110.00,0,'','2013-04-01','OK',' The Authorisation was Successful.','VISA',7888,5430,0,0),(312,1364846750,2,1364846539,'1fbdc30f4c04a388d38b5cda829e9643a80c6fb0','O','130421b','OL312',1,0,'Mr','Wallace','Myles','8 Newton Road','','Glenrothes','Fife','KY7 6QR','07590834037','myles.wallace456@btinternet.com','DAM','INK','F',2,0,2,0,0,0,150.00,0,'','2013-04-01','','','',0,0,0,0),(315,1364852459,5,1364851155,'2d5dc47375a2759b403f90afcb192603d05779e6','O','130601','OL315',1,0,'Mrs','Sutherland','Anne','35 Corton Lea','','Ayr','Ayrshire','KA6 6GJ','07525269318','anne.sutherland5@btinternet.com','AYR','MLG','F',2,0,0,0,2,0,254.00,0,'','2013-04-01','','','',0,0,0,0),(322,1364899950,2,1364899791,'3aca83ea470c1e3c7c11fd0e61617179ebbf0bfd','O','130421b','OL322',1,0,'Mr','Heppell','David','27 Danes Drive','Scotstoun','GLASGOW','City Of Glasgow','G14 9HY','07814026288','david.heppell@talktalk.net','DAM','INK','F',1,0,1,0,0,0,85.00,1,'','2013-04-02','OK',' The Authorisation was Successful.','DELTA',2158,480832,0,0),(325,1364901479,2,1364901360,'822ac77a6c9d665504e07e22e88eaad92fa87064','O','130421b','OL325',1,0,'Mr','Bremner','Ronald','17 Aberdour Road','','Burntisland','Fife','KY3 0EL','07812068172','charmaine.bremner@btinternet.com','DAM','INK','F',1,0,1,0,0,0,85.00,1,'','2013-04-02','OK',' The Authorisation was Successful.','DELTA',328,111794,0,0),(326,1364908112,2,1364908001,'2031e42676e7e74e9c907cff533f38d3c2f3f640','O','130421b','OL326',1,0,'Mrs','Watt','Fiona','5c St. Margaret\'s Road','','Edinburgh','Midlothian','EH9 1AZ','0131 447 9648','david_watt@tiscali.co.uk','DAM','INK','F',3,0,0,0,0,0,195.00,0,'','2013-04-02','OK',' The Authorisation was Successful.','MC',8924,5972,0,0),(328,1364908878,5,1364908459,'98f9a7f0356ddce0ca2af7ce3a36657224247f5c','O','130601','OL328',1,0,'Mr','Hannay','Brian','4a Blackfriars Court','','Ayr','Ayrshire','KA7 1TR','07717675919','brianhannay@yahoo.co.uk','AYR','MLG','S',2,0,0,0,0,0,158.00,0,'','2013-04-02','','','',0,0,0,0),(329,1364912359,5,1364911950,'5e5f2d845f91407ddd0e061db49fe57f8c197add','O','130601','OL329',1,0,'Mr','Hannay','Brian','4a Blackfriars Court','','AYR','Ayrshire','KA7 1TR','07717675919','brianhannay@yahoo.co.uk','AYR','MLG','S',2,0,0,0,0,0,158.00,0,'','2013-04-02','','','',0,0,0,0),(330,1364912273,5,1364912070,'9fef6bc0dc9b5c8085badf392388443db1a32dd7','O','130601','OL330',1,0,'MR','HENDERSON','FINDLAY','13 KIRKHOLM AVE','AYR','AYRSHIRE','','KA88LY','01292267387','findlay.henderson@yahoo.co.uk','AYR','MLG','F',2,0,0,0,2,0,254.00,0,'','2013-04-02','','','',0,0,0,0),(331,1364912913,3,1364912707,'d43e2c6b47456905abd8a26c9d2ac2f43eed76d5','O','130504','OL331',1,0,'Mrs','Flanagan','Irene','72 Suttonpark Cresent','Stenhousemuir','Larbert','Stirlingshire','FK54DB','01324563421','thegows@talktalk.net','FKK','MLG','S',4,0,0,0,0,0,256.00,0,'','2013-04-02','OK',' The Authorisation was Successful.','MC',6765,615367,0,0),(333,1364921907,5,1364921647,'f50b2ca65aa753ac2be358bf21cac47cbcfc437b','O','130601','OL333',1,0,'Mr','Hannay','Brian','4a Blackfriers Court','','AYR','Ayrshire','KA7 1TR','','brianhannay@yahoo.co.uk','AYR','MLG','S',2,0,0,0,0,0,158.00,0,'','2013-04-02','OK',' The Authorisation was Successful.','VISA',1717,58195,0,0),(334,1364922170,5,1364921960,'fe242f606221b2988be378bbcb9f60d0f7b9437a','O','130601','OL334',1,0,'DR','McReath','Alison','20 Laurel Crescent','','Wantage','Oxon','OX12 7HZ','07802745298','amcreath@hotmail.co.uk','JJHN','MLG','F',2,0,0,0,0,0,250.00,1,'','2013-04-02','OK',' The Authorisation was Successful.','MC',8517,0,0,0),(335,1364923227,2,1364923003,'6f662995126f2465cb47cab63dbbde50e7d5d8bf','O','130421b','OL335',1,0,'Mr','Barclay','John','6 Parliament Place','Kinglassie','LOCHGELLY','Fife','KY5 0XD','01592882668','john.barclay@homecall.co.uk','DAM','INK','S',2,0,0,0,0,0,90.00,0,'','2013-04-02','OK',' The Authorisation was Successful.','DELTA',4634,2727,0,0),(337,1364930714,2,1364930565,'b59e1da22996e69a53612d20ae71d5fd7c623c39','O','130421b','OL337',1,0,'Mr','Watson','Stuart','14 Clerwood Loan','','Edinburgh','','EH12 8PY','01313346016','stuwatso@hotmail.co.uk','DAM','INK','S',2,0,0,0,0,0,90.00,0,'','2013-04-02','OK',' The Authorisation was Successful.','DELTA',124,830942,0,0),(341,1364936416,1,1364936103,'a278cb54520b2051d05cd21b0e459b3d94ba1953','O','130421a','OL341',1,0,'Mr','Dransart','Jonathan','25 St Ronans Drive','','Glasgow','','G41 3SH','0141 632 1016','jdransart@talktalk.net','LIN','LIN','S',2,0,2,0,0,0,110.00,0,'','2013-04-02','OK',' The Authorisation was Successful.','DELTA',6425,349827,0,0),(342,1364938444,5,1364938030,'3262885b3b37916f689a787a3273a3ebe26270aa','O','130601','OL342',1,0,'MRS','NICOL','ELAINE','12 LOMOND ROAD','BEARSDEN','GLASGOW','LANARKSHIRE','G61 1BA','01419424005','elaine.nicol54@gmail.com','WES','MLG','S',2,0,2,0,2,0,198.00,0,'','2013-04-02','OK',' The Authorisation was Successful.','MC',1976,0,0,0),(343,1364938899,1,1364938763,'f09a8db1440b2175deab9f826f692d51695ec673','O','130421a','OL343',1,0,'Mr.','Morrison','Brian','5, Pottis Road','','Stirling','','FK7 7XB','01786 818680','brian.morrison4@btinternet.com','LIN','LIN','S',2,0,2,0,0,0,110.00,0,'','2013-04-02','OK',' The Authorisation was Successful.','MC',2002,2260,0,0),(345,1364971527,5,1364971316,'b912e6b4fe9b734a2c0a890999033ed02aa907c4','O','130601','OL345',1,0,'Mrs','Ross','Evelyn','1 Polo Avenue','','Troon','Ayrshire','KA106LH','01292311830','alex.eve@smallworldmail.co.uk','TRN','MLG','S',2,0,2,0,2,0,198.00,0,'','2013-04-03','OK',' The Authorisation was Successful.','DELTA',8412,3553,0,0),(346,1364977399,1,1364976746,'2ecd40921122352fdb2118d4a04a64f18a54ddfd','O','130421a','OL346',1,0,'Mr','Wolsey','Christopher','Shore House','Forth Street','Kincardine On Forth','Fife','FK10 4LX','01259 30430','wolsey.shorehouse@ssesurf.co.uk','LIN','LIN','F',3,0,3,0,0,0,225.00,0,'','2013-04-03','OK',' The Authorisation was Successful.','MC',911,342669,0,0),(347,1364988780,9,1364988629,'cb4be4188623a306b7172187efa401969be676e5','O','130616b','OL347',1,0,'Mr','Amedro','Guy','45 Main Street','','GOREBRIDGE','Midlothian','EH23 4BX','07971 517398','guyamedro@aol.com','EDB','EDB','S',4,0,4,0,0,0,284.00,0,'','2013-04-03','OK',' The Authorisation was Successful.','DELTA',9717,3400,0,0),(349,1364988934,1,1364988755,'5d6bb8cc695724990a74dad1ffd8ba2fee32a50d','O','130421a','OL349',1,0,'Mr','Martin','G W','Lugton House','Lugton Brae','Dalkeith','Midlothian','EH221JX','07768868870','info@gerrymartin.co.uk','LIN','LIN','F',2,0,2,0,0,0,170.00,1,'','2013-04-03','REJECTED','The number of authorisation attempts exceeds the limit.','',0,0,0,0),(350,1364989437,1,1364989157,'0563a3e44de4ea747f06b4685f451ab530c2145f','O','130421a','OL350',1,0,'Mr','Martin','G','Lugton House','6 Lugton Brae','Dalkeith','Midlothian','EH221JX','07768868870','info@gerrymartin.co.uk','LIN','LIN','F',2,0,2,0,0,0,170.00,1,'','2013-04-03','OK',' The Authorisation was Successful.','DELTA',7815,3743,0,0),(353,1365001370,2,1365001026,'f9c48a6ac46f2f917c614423493c3aa39bd59b9e','O','130421b','OL353',1,0,'MR','Graveson','David','Gable Cottage','High Street','Aberlady','East Lothian','EH32 0RB','01875 870894','david.graveson@sky.com','DAM','INK','F',1,0,1,0,0,0,85.00,1,'','2013-04-03','OK',' The Authorisation was Successful.','VISA',340,664616,0,0),(354,1365005944,4,1365005758,'7fc43923d7d24f7dc05679a33b925d26f29883a0','O','130525','OL354',1,0,'Mr','Thomson','Ian','13 Stoneyhill Avenue','','Musselburgh','East Lothian','EH21 6SB','01316654595','itho10@aol.com','MUB','KYL','F',2,0,2,0,2,0,230.00,0,'','2013-04-03','OK',' The Authorisation was Successful.','MC',1029,61578,0,0),(355,1365006096,1,1365005976,'9b8027217337163fd1f7e2e4a29f95762d7400ad','O','130421a','OL355',1,0,'Mr','Finnie','Willaim','27 Hallside Crescent','Cambuslang','Glasgow','Lanarkshire','G72 7DY','Private','bfinnie@sky.com','LIN','LIN','S',3,0,3,0,0,0,165.00,0,'','2013-04-03','OK',' The Authorisation was Successful.','VISA',3009,23366,0,0),(356,1365008162,9,1365007982,'8f91cf0c0c224772b89a85c92d84bdcff818e19b','O','130616b','OL356',1,0,'Mr','Crosbie','Robert','92 Gala Park','','Galashiels','Selkirkshire','TD1 1EZ','07881490491','robertcrosbie2000@yahoo.co.uk','EDB','EDB','F',1,0,1,0,0,0,98.00,0,'','2013-04-03','OK',' The Authorisation was Successful.','DELTA',7215,3268,0,0),(357,1365012839,3,1365012685,'db2a36d808dc99aefd96296ff7e25c8fac5731d0','O','130504','OL357',1,0,'Mr.','Colville','Norman','22','Meadowfield Terrace','Edinburgh','Midlothian','EH8 7NR','01316613067','norman.colville@gmail.com','DAM','MLG','S',2,0,2,2,2,0,188.00,0,'','2013-04-03','OK',' The Authorisation was Successful.','MC',9122,624793,0,0),(358,1365013338,9,1365013242,'4b77a5cf882de26cc4caef2d74fa11ab031add6b','O','130616b','OL358',1,0,'Mr','Swaffield','Ewan','11/4 Newhaven Main Street','','Edinburgh','','EH6 4NA','07817162619','ewan.swaffield@gmail.com','EDB','EDB','S',3,0,0,0,0,0,177.00,0,'','2013-04-03','OK',' The Authorisation was Successful.','MC',9565,641301,0,0),(361,1365024173,9,1365024057,'0ac008ae2b33b28dd27b12ea4e55554443ea5ea2','O','130616b','OL361',1,0,'X\\z','Ffffffffffffffffffff','Z\\x\\zx\\zx\\zxddd','23 Fdfff','Ddddd','Fffffsssssss','','DH7 6TT','01913712988','sasdasd@sdjsdgf.co.uk','EDB','EDB','F',2,0,2,0,0,0,216.00,1,'','2013-04-03','','','',0,0,0,0),(363,1365046507,1,1365046432,'ecc0150c97369625251eb634348c26894597d4e9','O','130421a','OL363',1,0,'Miss','Crawford','Lisa','29 Gannel Drive','Maddiston','Falkirk','Stirlingshire','FK20AL','07919893659','crawford82@blueyonder.co.uk','LIN','LIN','F',3,0,3,0,0,0,225.00,0,'','2013-04-04','OK',' The Authorisation was Successful.','DELTA',2976,4970,0,0),(365,1365074650,9,1365074525,'9fe5f0c6f6278ccb9d86cc6a18950ab34f598b4a','O','130616b','OL365',1,0,'Mr','King','Peter','7 Windermere Road','','LONDON','','W5 4TJ','020 8567 1621','peter_k_king@yahoo.co.uk','EDB','EDB','F',1,0,0,0,0,0,86.00,0,'','2013-04-04','OK',' The Authorisation was Successful.','DELTA',8509,75184,0,0),(366,1365076586,2,1365076216,'fe19e51c3a40bbd841559d2833a2a628cfe4bf43','O','130421b','OL366',1,0,'Mr','Forsyth','Alan','8 Waggon Road','','Inverkeithing','Fife','KY11 1NA','01383418223','alan171248@yahoo.co.uk','DAM','INK','S',2,0,0,0,0,0,90.00,0,'','2013-04-04','OK',' The Authorisation was Successful.','DELTA',324,393412,0,0),(371,1365090137,2,1365090011,'52e0d517bd28865df6e3ec3a305bb7e81e0ec555','O','130421b','OL371',1,0,'Mr','Magness','Anthony','59 Firtree Crescent','','Newcastle Upon Tyne','','NE12 7JU','0191 268 4596','firtreeman@btinternet.com','DAM','INK','S',3,0,3,0,0,0,165.00,0,'','2013-04-04','ABORT',' The Transaction was cancelled by the customer.','',0,0,0,0),(379,1365105195,2,1365104880,'cb0dacd4f97814ff11d15ce438a213d62e25203e','O','130421b','OL379',1,0,'Mr','Donaldson','Ian','49 Balwearie Road','','Kirkcaldy','Fife','KY2 5LT','01592 200009','iwd@gorriedavidson.co.uk','DAM','INK','F',2,0,1,0,0,0,160.00,1,'','2013-04-04','OK',' The Authorisation was Successful.','MC',9996,653959,0,0),(381,1365107669,5,1365107564,'4c98824a3cba493ba1fea83a373b7ee6333fb952','O','130601','OL381',1,0,'Mr','Duncan','Brian','35 Fullarton Drive','','Troon','Ayrshire','KA10 6LE','07785 767846','from_srps@brianduncan.co.uk','TRN','MLG','S',3,1,4,0,4,0,374.00,0,'','2013-04-04','OK',' The Authorisation was Successful.','MC',3502,0,0,1),(382,1365111318,1,1365110814,'a45bd9c5402d98a486b29122e4ca317d8492c971','O','130421a','OL382',1,0,'Mr','Nimmo','John','Suvla Cottage','Main Road','Maddiston','Stirlingshire','FK2 0NG','01324 712466','johnnimmo392@btinternet.com','LIN','LIN','S',3,0,0,0,0,0,135.00,0,'','2013-04-04','REJECTED','The number of authorisation attempts exceeds the limit.','',0,0,0,0),(386,1365152412,2,1365152045,'04e28859069d4682a80929dc7b588461e36dc0a0','O','130421b','OL386',1,0,'Mrs','Urquhart','Gloria','C/O Bowishill','Main Rd, By Mounthooly St','North Queensferry','Fife','KY11 1JA','07762100404','moira.urquhart@btopenworld.com','DAM','INK','F',2,0,2,0,0,0,170.00,1,'','2013-04-05','OK',' The Authorisation was Successful.','MC',6815,642087,0,0),(389,1365155512,8,1365155395,'772c16be5617ab78ae10d1e98f13b48dfb1730ae','O','130616a','OL389',1,0,'Dr','Oswald','Kirstine','16a Hillhead','','Bonnyrigg','Midothian','EH19 2JG','0131 454 9781','kirstine.oswald@btopenworld.com','EDB','EDB','F',1,0,0,0,0,0,82.00,1,'','2013-04-05','OK',' The Authorisation was Successful.','VISA',9565,454974,0,0),(390,1365155767,6,1365155617,'731be3e45cf56e9fa9d3c929f16e69861d72d231','O','130601a','OL390',1,0,'','McMurtrie','Val','Jelliston Farm','','Ayr','','KA6 6ES','','lochcreature@hotmail.com','AYR','FTW','F',2,0,0,0,0,0,158.00,0,'','2013-04-05','','','',0,0,0,0),(391,1365155884,6,1365155800,'609c2372600748301db683a2b767d6358887e0f7','O','130601a','OL391',1,0,'','McMurtrie','Valerie','Jelliston Farm','','Ayr','','KA6 6ES','','lochcreature@hotmail.com','AYR','FTW','S',2,0,0,0,0,0,118.00,0,'','2013-04-05','OK',' The Authorisation was Successful.','MC',1336,26698,0,0),(394,1365157551,7,1365157414,'938c49321d0b77944622e6b3051eae1b209cc521','O','130608','OL394',1,0,'Mr','Black','Lindsay','83 Chapman Drive','','Carnoustie','Angus','DD76DY','01241855297','lindsayblack4@hotmail.com','KDY','INV','F',2,0,2,1,0,0,226.00,1,'','2013-04-05','OK',' The Authorisation was Successful.','MC',2546,48588,0,0),(403,1365175916,9,1365175802,'3a9c5ed2cff31066f2d63fbf876fe6b5f3a2cbe4','O','130616b','OL403',1,0,'Mr','Wilson','Graeme','18 Balwearie Gardens','','Kirkcaldy','Fife','KY2 5LU','01592 265714','wilsongraeme@blueyonder.co.uk','EDB','EDB','F',2,0,2,0,0,0,216.00,1,'','2013-04-05','OK',' The Authorisation was Successful.','MC',4414,0,0,0),(404,1365182856,1,1365182707,'cfe1e6377cc63fca8870628419f821cee9679350','O','130421a','OL404',1,0,'Mr','Nimmo','John','Suvla Cottage','Main Road','Maddiston','Stirlingshire','FK2 0NG','01324 712466','johnnimmo392@btinternet.com','LIN','LIN','S',3,0,0,0,0,0,135.00,0,'','2013-04-05','OK',' The Authorisation was Successful.','DELTA',5345,5985,0,0),(406,1365187295,1,1365187142,'2ffeb2de86173dcc5bfae9837cecd3e200e8a320','O','130421a','OL406',1,0,'Mr','GIBB','Robert','10','Bomains Road','Bo\'ness','West Lothian','EH51 0JR','01506 510425','rgibb2@blueyonder.co.uk','LIN','LIN','S',1,1,0,0,0,0,78.00,0,'','2013-04-05','OK',' The Authorisation was Successful.','MC',9762,25963,0,0),(415,1365236926,1,1365236757,'4816e9ac98bf1def771e006a2ab5110a75f43987','O','130421a','OL415',1,0,'Mr','McGhee','Thomas','1 Ardnablane','','Dunblane','Perthshire','FK15 0NU','01786825635','allan_mcghee2@yahoo.co.uk','LIN','LIN','S',2,0,0,0,0,0,90.00,0,'','2013-04-06','OK',' The Authorisation was Successful.','MC',4048,0,0,0),(420,1365260820,5,1365260669,'294e5a92318336628ff340290f2eff2f87b3955d','O','130601','OL420',1,0,'Mr','Parkes','John','106 Glencoats Drive','','Paisley','Renfrewshire','PA3 1RW','01418875341','parkesjanet1@gmail.com','PYG','MLG','F',1,0,0,1,0,0,135.00,1,'','2013-04-06','OK',' The Authorisation was Successful.','DELTA',8177,8364,0,0),(424,1365263313,5,1365262934,'1ca46c6edfa8aab55529f616439c06636aa98f16','O','130601','OL424',1,0,'Mrs','Clarkson','Irene','24 Heather Avenue','Mosshead','Bearsden','Glasgow','G61 3JE','01419423139','irene24@hotmail.co.uk','WES','MLG','S',2,0,2,0,2,0,198.00,0,'','2013-04-06','OK',' The Authorisation was Successful.','MC',8853,0,0,0),(425,1365265884,9,1365265676,'3e1274f86f0cafa8db0d9ab5044b6650612f1125','O','130616b','OL425',1,0,'Mr','Mathewson','Ewan','102A High Street','','Dunbar','East Lothian','EH42 1JJ','07592796371','emathewson@yahoo.com','EDB','EDB','F',2,0,0,0,0,0,192.00,1,'','2013-04-06','OK',' The Authorisation was Successful.','DELTA',3738,8634,0,0),(427,1365270598,5,1365270465,'05515e125837f537178a01bee7074fedda8b50e1','O','130601','OL427',1,0,'Mr','Kennedy','Brian','33 Whitletts Road','','Ayr','Ayrshire','KA80JA','01292 288709','eileenkennedy@live.co.uk','AYR','MLG','F',2,0,2,2,2,0,310.00,1,'','2013-04-06','OK',' The Authorisation was Successful.','VISA',6003,51243,0,0),(428,1365275356,2,1365272978,'de3e3302ffdfb1efdad347dac597a02c8b62a8a8','O','130421b','OL428',1,0,'Mr','Urquhart','David','27 Bergen Avenue','','Dunfermline','Fife','KY11 8JU','07974949511','davidurquhart75@msn.com','DAM','INK','F',2,0,2,0,0,0,170.00,1,'','2013-04-06','','','',0,0,0,0),(434,1365324790,5,1365324459,'497b2bf3576fda1b44bdc7acce596a5d27fae5fe','O','130601','OL434',1,0,'Mrs','Wilson','Anne','65 Hunter Crescent','','Troon','Ayrshire','KA10 7A','01292 317492','robanne1@talktalk.net','TRN','MLG','S',2,0,2,0,2,0,198.00,0,'','2013-04-07','OK',' The Authorisation was Successful.','MC',5708,303049,0,0),(439,1365326486,2,1365326397,'622088796934c3d8ca2db74ec1ffd2a7b323576e','O','130421b','OL439',1,0,'Mr','Mclaren','Brian','Kenilworth','7 Foundry Street','Dunfermline','Fife','KY12 9DD','01383722852','bammclaren@talktalk.net','DAM','INK','S',4,0,3,0,0,0,210.00,0,'','2013-04-07','OK',' The Authorisation was Successful.','DELTA',1411,8868,0,0),(440,1365327987,1,1365327663,'e8bef3d1572d5e7de7c791c504f4511670050516','O','130421a','OL440',1,0,'Mrs','Davidson','Brora','4 Cunningham Road','Larbert','Falkirk','Stirlingshire','FK5 4HH','01324 553872','broras@btinternet.com','LIN','LIN','F',2,0,0,0,0,0,130.00,0,'','2013-04-07','OK',' The Authorisation was Successful.','DELTA',4511,748880,0,0),(441,1365327903,1,1365327737,'222a6265f8799c1b4469ef4ca6b2e3b4856967a7','O','130421a','OL441',1,0,'Mrs','Hemfrey','Anne','57 Springfield Drive','','Falkirk','','FK1 5HW','07908013412','annehemfrey@blueyonder.co.uk','LIN','LIN','F',2,0,0,0,0,0,150.00,1,'','2013-04-07','OK',' The Authorisation was Successful.','MC',1322,17852,0,0),(442,1365329751,9,1365329560,'373d5ff74d847c21368f0fb36d71fb9f0120b0e7','O','130616b','OL442',1,0,'Miss','Jameson','Helen','155 Silverhill Drive','','Newcastle Upon Tyne','','NE5 2JP','07870382776','f.jameson495@btinternet.com','EDB','EDB','F',2,0,0,0,0,0,192.00,1,'','2013-04-07','OK',' The Authorisation was Successful.','MC',5433,246430,0,0),(444,1365330453,5,1365330314,'4a60f6b173fc74d4c2ff9e11b56c352e9f566e39','O','130601','OL444',1,0,'Mr','Thomson','Iain','67 Briarhill Road','','Prestwick','Ayrshire','KA9 1HZ','07736442507','iaincthomson@btinternet.com','PTW','MLG','S',4,0,4,0,4,0,396.00,0,'','2013-04-07','OK',' The Authorisation was Successful.','MC',5303,601346,0,0),(446,1365332861,8,1365332774,'02cb71bf59fba71d02ac00ce3d2d220d02fe7022','O','130616a','OL446',1,0,'Mr','Mather','Adrian','38 Shandon Crescent','','Mill Of Haldane','West Dumbartonshire','G83 8EX','01389 750013','adrianmather@mac.com','EDB','EDB','S',2,0,0,0,0,0,98.00,0,'','2013-04-07','REJECTED','The number of authorisation attempts exceeds the limit.','',0,0,0,0),(447,1365333194,8,1365333168,'a01a6ecfe37c416d6f4856a013060e086403ff23','O','130616a','OL447',1,0,'Mr','Mather','Adrian','38 Shandon Crescent','','Mill Of Haldane','West Dumbartonshire','G83 8EX','01389 750013','adrianmather@mac.com','EDB','EDB','S',2,0,0,0,0,0,98.00,0,'','2013-04-07','OK',' The Authorisation was Successful.','DELTA',6414,104327,0,0),(452,1365335916,4,1365335850,'81c66346564f2a23b963df1b4d2af127f1df12eb','O','130525','OL452',1,0,'Mrs','Manson','Edwina','57 Jim Bush Drive','','Prestonpans','East Lothian','EH32 9GB','01875 818696','edwinamanson@gmail.com','LND','KYL','S',2,0,2,0,0,0,144.00,0,'','2013-04-07','OK',' The Authorisation was Successful.','VISA',9008,10082,0,0),(458,1365341618,1,1365341466,'8839b952606c95b452925e0cf870a73b5c038d81','O','130421a','OL458',1,0,'Mr','Blaikie','Colin','36 Queens Crescent','','Edinburgh','Midlothian','EH9 2BA','07850 713861','colin@colinblaikie.co.uk','LIN','LIN','S',7,1,8,0,0,0,428.00,0,'','2013-04-07','OK',' The Authorisation was Successful.','MC',458,0,0,0),(461,1365344133,1,1365343986,'7aa13af7ec102fa4dd1b55c9521968766f961ed8','O','130421a','OL461',1,0,'Miss','Grant','Julie','178 Valley Gardens','','Kirkcaldy','Fife','KY26BN','07834273563','juliegrant1@msn.com','LIN','LIN','S',2,0,2,0,0,0,110.00,0,'','2013-04-07','','','',0,0,0,0),(462,1365345461,1,1365345385,'40f678484f48d80dd5207eb95eb8182a6bc25170','O','130421a','OL462',1,0,'Dr','Potter','Keith','3e Darnley Street','','Stirling','Stirlingshire','FK8 1BT','07595537151','rebel@awildplace.com','LIN','LIN','S',1,0,0,0,0,0,45.00,0,'','2013-04-07','OK',' The Authorisation was Successful.','DELTA',2773,526065,0,0),(465,1365346997,1,1365346809,'4fe9f6595b5af2a832455ab75900ec12f13f6934','O','130421a','OL465',1,0,'Mr','Lindsay','Adam','21 Woodside Park','','Kelso','Scottish Borders','TD5 7RE','01573 229388','lindsays1975@btinternet.com','LIN','LIN','S',2,0,0,0,0,0,90.00,0,'','2013-04-07','','','',0,0,0,0),(466,1365347132,8,1365346912,'0692d64ef5a25acea21f50c8cb1b8b2a966d2e06','O','130616a','OL466',1,0,'Mr','Scobie','Christopher','51 Harcourt Road','','Kirkcaldy','Fife','KY2 5HG','01592 268683','shunnyscobie@hotmail.com','EDB','EDB','S',2,0,0,0,0,0,98.00,0,'','2013-04-07','OK',' The Authorisation was Successful.','MC',177,16741,0,0),(467,1365348416,1,1365348362,'487c81a8fd6f66d46148ec8975b4e1001b639622','O','130421a','OL467',1,0,'Mr','Lindsay','Adam','21 Woodside Park','','Kelso','Scottish Borders','TD5 7RE','01573 229388','lindsays1975@btinternet.com','LIN','LIN','S',2,0,0,0,0,0,90.00,0,'','2013-04-07','OK',' The Authorisation was Successful.','DELTA',350,555292,0,0),(469,1365349418,2,1365349265,'d37b6fd6beea40fac705aed2ebbe9dd2faef4070','O','130421b','OL469',1,0,'Mrs','Adam','Irene','8 Leewood Park','','DUNBLANE','PERTHSHIRE','FK15 0NX','01786 822547','i.adam667@btinternet.com','DAM','INK','S',2,0,2,0,0,0,110.00,0,'','2013-04-07','OK',' The Authorisation was Successful.','MC',2157,0,0,0),(471,1365350552,1,1365350230,'116b04710bca1c491a8523afe8db8635cf0df810','O','130421a','OL471',1,0,'Mr','Simpson','Robert','Castle Mains','Dirleton','North Berwick','East Lothian','EH39 5EF','01620850224','simpsoncastlemains@yahoo.co.uk','LIN','LIN','F',2,0,2,0,0,0,150.00,0,'','2013-04-07','','','',0,0,0,0),(472,1365351208,1,1365351066,'0d3b2750f64b4b05eb3619ce15d73a8630699a09','O','130421a','OL472',1,0,'Mr','Simpson','Robert','Castlemains','Dirleton','North Berwick','East Lothian','EH39 5EF','01620850224','simpsoncastlemains@yahoo.co.uk','LIN','LIN','F',2,0,2,0,0,0,150.00,0,'','2013-04-07','OK',' The Authorisation was Successful.','DELTA',8250,29039,0,0),(481,1365361834,2,1365361665,'4482bb477c6189c7f381a6460ec74367cd55638a','O','130421b','OL481',1,0,'Mr','Magness','Anthony','59 Firtree Cescent','','Newcastle Upon Tyne','Tyne & Wear','NE12 7JU','0191 268 4596','firtreeman@btinternet.com','DAM','INK','S',3,0,3,0,0,0,165.00,0,'','2013-04-07','OK',' The Authorisation was Successful.','VISA',9009,13060,0,0),(482,1365365126,2,1365364530,'2926d7d71eeda7dde060ad0fa0c7d0802124967c','O','130421b','OL482',1,0,'Mr','Graham','John','17 Maybole Place','Carnbroe','Coatbridge','Lanarkshire','ML5 4UB','07929364749','johnr0312@hotmail.com','DAM','INK','S',4,0,0,0,0,0,180.00,0,'','2013-04-07','','','',0,0,0,0),(483,1365365428,2,1365365222,'2bbcbc355a9313888f20126e53d3ad647b26c63a','O','130421b','OL483',1,0,'Mr','Graham','John','17 Maybole Place','Carnbroe','Coatbridge','Lanarkshire','ML5 4UB','07929364749','johnr0312@hotmail.com','DAM','INK','S',4,0,0,0,0,0,180.00,0,'','2013-04-07','OK',' The Authorisation was Successful.','DELTA',8240,523525,0,0),(485,1365412571,1,1365412484,'e38dd0a19cdfc161e7a998450241ff3de6f72365','O','130421a','OL485',1,0,'Mr','Smart','Donald','2A Somerville Place East','','Dundee','Tayside','DD3 6JL','07792797867','djsmart24@gmail.com','LIN','LIN','S',2,0,0,0,0,0,90.00,0,'','2013-04-08','OK',' The Authorisation was Successful.','DELTA',3662,145956,0,0),(486,1365413628,5,1365413519,'b03fc62b6a9bdf74224369f33ce59a361798bb90','O','130601','OL486',1,0,'Mr','Bridgewater','Paul','139 Brediland Road','Mossedge','Linwood','Renfrewshire','PA3 3RX','07909997037','paul.bridgewater@hp.com','JJHN','MLG','F',2,0,0,2,0,0,250.00,0,'','2013-04-08','OK',' The Authorisation was Successful.','DELTA',3949,995592,0,0),(488,1365413875,2,1365413740,'50377d1294c5bd4ff205391c22ceed49eefa2b86','O','130421b','OL488',1,0,'Mrs','Johnston','Jennifer','71 Main Street','Newmills','Dunfermline','Fife','KY128ST','01238889240','johnston8st@btinternet.com','DAM','INK','F',2,0,2,0,0,0,150.00,0,'','2013-04-08','OK',' The Authorisation was Successful.','DELTA',5144,8307,0,0),(489,1365414375,1,1365414297,'20e1d7fcc1b724eded248b217d21f7985d750186','O','130421a','OL489',1,0,'Mr','Kiakowski`','Mario','7 Etive Place','','Stirling','Stirlingshire','FK9 5BA','07761231458','mario24@btinternet.com','LIN','LIN','S',3,0,0,0,0,0,135.00,0,'','2013-04-08','OK',' The Authorisation was Successful.','DELTA',2736,184000,0,0),(492,1365419093,1,1365418966,'6ffd10a4302b80c4c4837dc327cda14ab05934d2','O','130421a','OL492',1,0,'Mr','Arnott','Alexander','8','Dee Place','Dunfermline','Fife','KY114NF','01383 739288','alexander.arnott73@talk21.com','LIN','LIN','F',2,0,2,0,0,0,150.00,0,'','2013-04-08','OK',' The Authorisation was Successful.','DELTA',1513,8052,0,0),(494,1365423028,2,1365422858,'f757eae1fd900ef996c1bb231b7c748131773e5c','O','130421b','OL494',1,0,'Mrs','McGurk','Sandra','27 Scoonie Road','','Leven','Fife','KY8 4SB','07964529841','sandra.mcgurk@sky.com','DAM','INK','F',2,0,2,0,0,0,150.00,0,'','2013-04-08','OK',' The Authorisation was Successful.','DELTA',5343,744062,0,0),(496,1365428984,2,1365428835,'6b79b011d0d63239a5e76b614b2347832d0edff6','O','130421b','OL496',1,0,'Dr','Smith','Gordon','17 Middleton Park','Keltybridge','Kelty','Fife','KY4 0GZ','07947669738','gordonfnsmith@btinternet.com','DAM','INK','F',1,0,0,0,0,0,75.00,1,'','2013-04-08','OK',' The Authorisation was Successful.','DELTA',6737,755073,0,0),(498,1365432359,2,1365432236,'545ebe19f8b11afbfce44af66e84f5fd97f60b7f','O','130421b','OL498',1,0,'MR','Hazle','John','249 WOOD STREET','','GALASHIELS','Borders','TD1 1RB','01896751861','johnrhazle@btinternet.com','DAM','INK','F',2,0,2,0,0,0,150.00,0,'','2013-04-08','OK',' The Authorisation was Successful.','VISA',1031,142039,0,0),(501,1365440065,1,1365439960,'76de49fdfda387cbb0ad09349eb3f0a49c2d4f90','O','130421a','OL501',1,0,'Mr','Gaunt','G','1 Bruce Gate','Airth','Falkirk','Stirlingshire','FK2 8GN','01324 832820','geoffg@prismtd.co.uk','LIN','LIN','F',2,0,2,0,0,0,170.00,1,'','2013-04-08','OK',' The Authorisation was Successful.','DELTA',116,60525,0,0),(511,1365446312,2,1365446104,'162d322da9e21449c3c6ad90de4dd749cbae4455','O','130421b','OL511',1,0,'Ms','Critchley','Janet','4 Pond Lane','','Tayport','Fife','DD6 9NQ','07895 194194','janet.critchley@btopenworld.com','DAM','INK','F',1,0,0,0,0,0,65.00,0,'','2013-04-08','OK',' The Authorisation was Successful.','MCDEBIT',1297,363600,0,0),(512,1365446691,5,1365446443,'4aae0b41a83e254595b8da7975d6cbf9ee4ac3a7','O','130601','OL512',1,0,'Mrs','Longton','Gwen','Grobdale Of Girthon','Laurieston','Castle Douglas','Kirkcudbrightshire','DG7 2PZ','07789635125','gwenlongton@gmail.com','AYR','MLG','S',2,0,2,0,2,0,198.00,0,'','2013-04-08','OK',' The Authorisation was Successful.','DELTA',1992,1296,0,1),(520,1365450917,1,1365450726,'d696acbcf550fd1c4c943e1f8d6ad2c5c1e8be8e','O','130421a','OL520',1,0,'Mr','Wright','Simon','166 Halbeath Road','','Dunfermline','Fife','KY11 4LB','07754668863','simonwright67@googlemail.com','LIN','LIN','S',1,1,0,0,0,0,78.00,0,'','2013-04-08','OK',' The Authorisation was Successful.','DELTA',8422,652945,0,0),(527,1365497451,5,1365497327,'cf409414fc1b1addd09aca45d402f1ac272591ec','O','130601','OL527',1,0,'Mr','McChristie','William','9 Castlehill Road','','Ayr','Ayrshire','KA7 2HX','01292 282919','billmcchristie@hotmail.com','AYR','MLG','F',2,0,2,2,2,0,290.00,0,'','2013-04-09','OK',' The Authorisation was Successful.','DELTA',7612,9818,0,0),(530,1365522655,2,1365522436,'81f4c42dec33466280b0b8385e3e9c27634084a0','O','130421b','OL530',1,0,'Mr','Bilsland','Derek','Kenmure','Innerleithen Road','Peebles','Peeblesshire','EH45 8BE','07742 007233','d.bilsland@hw.ac.uk','DAM','INK','F',2,0,2,0,0,0,170.00,1,'','2013-04-09','OK',' The Authorisation was Successful.','MC',2004,53512,0,0),(531,1365523524,3,1365523082,'17c2386aa66d494a93cfec5b91336347d281981f','O','130504','OL531',1,0,'Mr','Oliphant','David','33 Rutherford Court','','Kirkcaldy','Fife','KY1 2BP','01592 652702','doliphant@btinternet.com','KDY','MLG','F',2,0,2,0,2,0,230.00,0,'','2013-04-09','OK',' The Authorisation was Successful.','MC',5603,691590,0,0),(532,1365524554,3,1365524452,'00912db9467931102ed617a2ad87567e635d03b4','O','130504','OL532',1,0,'Mrs','Mitchell','Mhairi','5 Old School Place','Thornton','Kirkcaldy','Fife','KY14EL','01592770793','mhairi.mitchell@yahoo.co.uk','GLT','MLG','F',2,0,2,2,2,0,250.00,0,'','2013-04-09','OK',' The Authorisation was Successful.','VISA',8716,7883,0,0),(538,1365525088,2,1365524962,'45e4215a0da2ff9cc1f5229643aefa57105612c0','O','130421b','OL538',1,0,'Mr','Dickie','Colin','70 Greenbank Road','','Edinburgh','Midlothian','EH10 5RJ','0131 447 2151','pandjdickie@virginmedia.com','DAM','INK','F',4,0,0,0,0,0,260.00,0,'','2013-04-09','OK',' The Authorisation was Successful.','MC',7221,681823,0,0),(542,1365534600,3,1365534170,'ec96aaf47f4614bf218b586109a5a3ea89ab3515','O','130504','OL542',1,0,'Mrs','McRorie','Catherine','15 St Johns Avenue','','Falkirk','','FK2 7DP','01324627486','brianmartin31@hotmail.com','FKK','MLG','F',2,0,0,0,2,0,214.00,0,'','2013-04-09','OK',' The Authorisation was Successful.','DELTA',6919,3310,0,0),(543,1365536923,4,1365536700,'643009c22aab998f57b58022fb1ef95fed3f1f61','O','130525','OL543',1,0,'Mrs','Macpherson','Kathleen','2 The Beeches','Woodside','Blairgowrie','Perthshire','PH13 9NQ','01828 670418','akh.macpherson@btinternet.com','PTH','KYL','F',2,0,0,0,2,0,214.00,0,'','2013-04-09','OK',' The Authorisation was Successful.','MC',2701,55116,0,0),(544,1365538131,2,1365537995,'af55fbfe7cebe18e586cd153bd8877239d77c70c','O','130421b','OL544',1,0,'Mrs','Pratt','Catherine','8 Northfield Terrace','','Edinburgh','Midlothian','EH8 7PX','01316615192','cpratt1938@googlemail.com','DAM','INK','S',4,1,0,0,0,0,213.00,0,'','2013-04-09','OK',' The Authorisation was Successful.','DELTA',4212,9078,0,0),(564,1365604937,2,1365604815,'ba0b10264985fe69a7c9b36311a6e140eb9e4936','O','130421b','OL564',1,0,'Mr','Allen','Peter','10 Queen\'s Gardens','','Anstruther','Fife','KY10 3BU','01333 311546','pa.ha@btinternet.com','DAM','INK','S',2,0,0,0,0,0,90.00,0,'','2013-04-10','OK',' The Authorisation was Successful.','MC',7702,53520,0,0),(568,1365617889,10,1365617777,'668c1c77c3156bb24a337608ed335c12b388f516','O','130504a','OL568',1,0,'Mrs','Mclauchlan','Pamela','20 Station View','','South Queensferry','Lothian','EH30 9DA','01313314905','pamela211@btinternet.com','DAM','FTW','F',4,0,4,0,4,0,396.00,0,'','2013-04-10','OK',' The Authorisation was Successful.','DELTA',5183,391750,0,0),(574,1365628370,2,1365628199,'705eac8a77b19485fa3f6c2c747c7277d92735b6','O','130421b','OL574',1,0,'Mr','Gillies','Stuart','126 Deanswood Park','','Livingston','','EH54 8NZ','07943010725','sgillies126@aol.com','DAM','INK','S',1,1,2,0,0,0,98.00,0,'','2013-04-10','OK',' The Authorisation was Successful.','DELTA',6610,10895,0,0),(575,1365637233,1,1365637057,'e1536fc92f74d5bd51abc28ee56e6394d79722a2','O','130421a','OL575',1,0,'Dr','Cochran','David','Invercauld','Carriden Brae','Boness','West Lothian','EH51 9SL','01506 823120','dfmcochran@virginmedia.com','LIN','LIN','F',1,0,1,0,0,0,85.00,1,'','2013-04-11','OK',' The Authorisation was Successful.','DELTA',9550,919458,0,0),(576,1365662452,8,1365662409,'eb416d70234072fb18b455c9b94cbf2aab71fe8e','O','130616a','OL576',1,0,'','Cxz','Xzc','Czcz','','Cz','','CXZC','','czcx','EDB','EDB','S',2,0,0,0,0,0,98.00,0,'','2013-04-11','','','',0,0,0,0),(582,1365700509,2,1365700340,'8d363a81aaae7f07c280ae6550cbf80058efb3ab','O','130421b','OL582',1,0,'Mr','Hope','Kenneth','1 Inn Brae','Longside','AB42 4XN','Aberdeenshire','AB42 4XN','07789 442539','kennyhope@john-lewis.com','DAM','INK','S',4,0,4,0,0,0,220.00,0,'','2013-04-11','OK',' The Authorisation was Successful.','VISA',3514,1136,0,0),(589,1365704767,9,1365704683,'ad19b718f76f59344755cbe74de76afa2328ddc7','O','130616b','OL589',1,0,'Miss','Stewart','Fiona','32 Birch Avenue','Torbrex','Stirling','Stirling','FK8 2PN','07786895151','fstewa@btinternet.com','EDB','EDB','F',2,0,0,0,0,0,172.00,0,'','2013-04-11','','','',0,0,0,0),(591,1365705049,9,1365704906,'b42fa16ad8f72dc38be6f5718d36511d16da37c5','O','130616b','OL591',1,0,'Miss','Stewart','Fiona','32 Birch Avenue','Torbrex','Stirling','Stirling','FK8 2PN','07786895151','fstewa@btinternet.com','EDB','EDB','F',2,0,0,0,0,0,172.00,0,'','2013-04-11','OK',' The Authorisation was Successful.','MC',3452,507043,0,0),(594,1365705221,2,1365705093,'46d7b69c683b9c2c32e755a49754f410a506ff73','O','130421b','OL594',1,0,'Rev','Harris-White','John','40 Tippet Knowes Road','','Winchburgh','West Lothian','EH52 6UL','01506 891201','johnharriswhite@aol.com','DAM','INK','F',2,0,2,0,0,0,150.00,0,'','2013-04-11','OK',' The Authorisation was Successful.','VISA',6838,5424,0,0),(596,1365709752,2,1365709637,'3b3a6220c5e95c44c454578513aaf4cfb5d20f7f','O','130421b','OL596',1,0,'Dr','Whyte','William','55 South Broomage Avenue','','Larbert','Stirlingshire','FK5 3EB','01324 558719','billwhyte@blueyonder.co.uk','DAM','INK','F',1,0,1,0,0,0,85.00,1,'','2013-04-11','OK',' The Authorisation was Successful.','DELTA',5131,103620,0,0),(602,1365750566,2,1365750494,'2b205e69fc0a264ec11fd42d0ebd5d82f2475517','O','130421b','OL602',1,0,'Mr','Aitken','Scott','Scotscraig','Braeheads Road','East Linton','East Lothian','EH40 3DH','07802490686','sbrodie03@btinternet.com','DAM','INK','F',4,0,4,0,0,0,300.00,0,'','2013-04-12','OK',' The Authorisation was Successful.','DELTA',9877,357027,0,0),(606,1365763487,6,1365763255,'5a6544aa285e52bffc4795a97aca566fd9b97096','O','130601a','OL606',1,0,'Mrs','Gordon','Meg','8 Linfern Place','','Ayr','Ayrshire','KA7 4SH','01292440928','meg@mellow.co.uk','AYR','FTW','F',2,0,2,0,2,0,198.00,0,'','2013-04-12','OK',' The Authorisation was Successful.','DELTA',157,309419,0,0),(607,1365769189,2,1365769056,'967ec818cbe39d7b57f38f5fa099a79775996726','O','130421b','OL607',1,0,'Mrs','Cuthbertson','Maureen','20 Carron Cresc.','Bearsden','Glasgow','East Dunbartonshire','G611HJ','01415779244','m.leech@leech20.co.uk','DAM','INK','S',2,0,2,0,0,0,110.00,0,'','2013-04-12','OK',' The Authorisation was Successful.','DELTA',8612,12126,0,0),(613,1365787390,2,1365787091,'f771d26632c787e0c971994a30004d25410ed0ae','O','130421b','OL613',1,0,'Mr','Garlick','Lloyd','55 Burnside Place','','Kelty','Fife','KY4 0EA','07875393237','lloyd@lgarlick.freeserve.co.uk','DAM','INK','F',2,0,2,0,0,0,150.00,0,'','2013-04-12','OK',' The Authorisation was Successful.','MC',6630,58244,0,0),(618,1365787999,2,1365787917,'c6a8ddd9ac6a20985693515892d2a35e536672cf','O','130421b','OL618',1,0,'Mr','Thompson','David','24 The Square','Newtongrange','Dalkeith','Midlothian','EH22 4PY','0131 663 3698','steviewizard@hotmail.co.uk','DAM','INK','S',2,0,0,0,0,0,90.00,0,'','2013-04-12','OK',' The Authorisation was Successful.','DELTA',1514,666863,0,0),(621,1365789552,9,1365789436,'df39e871df11c14005a80256079ed14cf918835f','O','130616b','OL621',1,0,'Ms','Stewart','Pauline','2 Ashtree Path','','Glenrothes','Fife','KY7 5EJ','01592 570629','trekkerpms@hotmail.co.uk','EDB','EDB','S',3,1,0,0,0,0,220.00,0,'','2013-04-12','OK',' The Authorisation was Successful.','DELTA',7544,12292,0,0),(625,1365794890,10,1365794742,'49eba227b0a268dd2f7b0b31cf2de733cf2437be','O','130504a','OL625',1,0,'Mr','Davis','Steven','92, Jerviston Road','','Motherwell','N. Lanarkshire','ML1 4AB','01698264471','stevedavis573@gmail.com','WES','FTW','F',3,0,3,0,0,0,261.00,0,'','2013-04-12','OK',' The Authorisation was Successful.','MC',2757,0,0,0),(628,1365801678,3,1365801527,'3110ce71ef694de4518adc85b607d3678168bdb5','O','130504','OL628',1,0,'Mrs','Mclauchlan','Pamela','20 Station View','','South Queensferry','','EH30 9DA','01313314905','pamela211@btinternet.com','DAM','MLG','F',2,0,2,0,2,0,230.00,0,'','2013-04-12','OK',' The Authorisation was Successful.','MC',1956,180900,0,0),(631,1365836430,2,1365836298,'e389b0e59626f425864c91667ded4bf6d762ab95','O','130421b','OL631',1,0,'Miss','Algeo','Caroline','Flat 4','3 St. Clair Street','Edinburgh','Midlothian','EH6 8JX','07921817269','caroline_algeo@hotmail.com','DAM','INK','F',2,0,2,0,0,0,150.00,0,'','2013-04-13','OK',' The Authorisation was Successful.','MC',9327,0,0,0),(634,1365846829,9,1365846722,'570731572c3974eddc2152e0927972cb4fe6d287','O','130616b','OL634',1,0,'Mr','Strachan','Andrew','9','Park Avenue','Staines','Middx','TW18 2EF','07790750599','strachan964@btinternet.com','EDB','EDB','S',2,0,0,0,0,0,118.00,0,'','2013-04-13','OK',' The Authorisation was Successful.','VISA',2809,45275,0,0),(635,1365850038,2,1365849371,'4daafe424347f5e85a15f2916630c3df2062c51c','O','130421b','OL635',1,0,'Me','Walker','James','16 Crombie Gardens','Baillieston','Glasgow','','G697BG','07801012624','amanda.walker25@hotmail.co.uk','DAM','INK','S',4,2,6,0,0,0,306.00,0,'','2013-04-13','','','',0,0,0,0),(642,1365878209,2,1365877850,'1dca613673ce79c2f8659f5e2f7a8f1dc35ec393','O','130421b','OL642',1,0,'Mr','Watt','William','120','Oswald Avenue','Grangemouth','Stiriingshire','FK3 9AY','01324 473854','bandj.watt@blueyonder.co.uk','DAM','INK','F',2,0,2,0,0,0,150.00,0,'','2013-04-13','REJECTED','The number of authorisation attempts exceeds the limit.','',0,0,0,0),(647,1365888818,1,1365888537,'0f333206bed1377d2f2556e5b92a699fcddeef34','O','130421a','OL647',1,0,'Mr','Baird','Stewart','34 Taymouth Road','Polmont','Falkirk','Stirlingshire','FK2 0PG','07587142701','stewart.baird@sky.com','LIN','LIN','F',2,0,2,0,0,0,150.00,0,'','2013-04-13','OK',' The Authorisation was Successful.','DELTA',7618,15146,0,0),(651,1365925927,1,1365925763,'acb598512e76f51cda3ead4f3e04c595bf12a18b','O','130421a','OL651',1,0,'Mr','Shepherd','Gordon','15 Faransay Place','','Kilmarnock','','KA3 2JB','01563534923','gordon-shepherd@tiscali.co.uk','LIN','LIN','S',2,0,2,0,0,0,110.00,0,'','2013-04-14','OK',' The Authorisation was Successful.','DELTA',2266,15172,0,0),(654,1365935305,5,1365935114,'5f813f56884ec5ebc9a9d13144e0587f34a723d9','O','130601','OL654',1,0,'Mr','Hiddleston','Neil','Drumaulton','Nithbank Road','Thornhill','Dumfriesshire','DG3 5AJ','01848330227','neil.hiddleston@btinternet.com','EXG','MLG','F',2,0,0,0,2,0,274.00,1,'','2013-04-14','OK',' The Authorisation was Successful.','VISA',2379,61517,0,0),(663,1365938839,3,1365938759,'9a13fb15d25bd0edb03620e4126184beee835131','O','130504','OL663',1,0,'Mrs','Smith','Margaret','Roselea','Main Street, Oxton','Lauder','Berwickshire','TD2 6PN','07812073330','margaret.wilson4@sky.com','LIN','MLG','S',4,0,4,0,4,0,336.00,0,'','2013-04-14','OK',' The Authorisation was Successful.','MC',4221,602828,0,0),(665,1365942208,1,1365941982,'0e3f450e8785c1f5b1d922043da8a60ca6b5c42f','O','130421a','OL665',1,0,'Mr','Morrell','Martin','4 Muirside Avenue','','Kirkintilloch','East Dunbartonshire','G66 3PR','07913093096','martin@calummorrell.com','LIN','LIN','S',2,0,0,0,0,0,90.00,0,'','2013-04-14','OK',' The Authorisation was Successful.','MC',7007,27102,0,0),(672,1365950553,2,1365950445,'fb848e8811430b21d0fc0b4b00489f46ce2f3dc9','O','130421b','OL672',1,0,'Mr','Robertson','Robert','22 Rutland Square','','Edinburgh','','EH1 2BB','0131 228 8574','robertbrobertson@btinternet.com','DAM','INK','F',3,0,0,0,0,0,195.00,0,'','2013-04-14','OK',' The Authorisation was Successful.','DELTA',2331,84068,0,0),(673,1365951088,2,1365950982,'52e620d9cc1d32d358ad66f0c6bcec9ae91a0e40','O','130421b','OL673',1,0,'Mr','Robertson','Robert','22 Rutland Square','','Edinburgh','','EH1 2BB','0131 228 8574','robertbrobertson@btinternet.com','DAM','INK','F',1,0,0,0,0,0,65.00,0,'','2013-04-14','OK',' The Authorisation was Successful.','DELTA',2331,71780,0,0),(676,1365955182,9,1365954942,'8aa1bcefb1252a80ae5ac77c49008ae4128a63be','O','130616b','OL676',1,0,'Mr','Hamilton','Keith','Gleniffer House','Upper Houndlaw','Eyemouth','Berwickshire','TD14 5BU','018907 50598','kappahydra@gmail.com','EDB','EDB','F',4,0,4,0,0,0,392.00,0,'','2013-04-14','OK',' The Authorisation was Successful.','MC',633,72590,0,0),(677,1365956619,5,1365956455,'243c8a4d8f9164f5332f3fcf498ec181e7c9a682','O','130601','OL677',1,0,'Mrs','Reddox','Aileen','27 Prestwick Road','','Ayr','Ayrshire','KA8 8LD','01292260714','areddox@gmail.com','PTW','MLG','F',2,0,0,0,0,0,230.00,0,'','2013-04-14','OK',' The Authorisation was Successful.','MC',9030,0,0,0),(689,1365961395,3,1365961272,'0bd280e1c8b4a09afde4457235a456ac920e9571','O','130504','OL689',1,0,'Mr','Baird','John','32 St James Gardens','','Penicuik','Midlothian','EH26 9DU','01968 673877','johnny.baird1@virgin.net','DAM','MLG','S',4,0,0,0,0,0,256.00,0,'','2013-04-14','OK',' The Authorisation was Successful.','MC',7719,662504,0,0),(690,1365963711,5,1365963419,'ce874d0d7bcf906a4380bb01f8d9f76b57350f16','O','130601','OL690',1,0,'Mrs','Boyd','Anne','143 Craigie Way','','Ayr','Ayrshire','KA8 0HH','01292 288947','anneboyd1701@hotmail.com','AYR','MLG','S',2,0,0,0,2,0,182.00,0,'','2013-04-14','OK',' The Authorisation was Successful.','DELTA',2229,340504,0,0),(692,1365965677,2,1365965425,'c91a7356ab8e03d590d3822c36932f2a97fb813f','O','130421b','OL692',1,0,'Mr','Thomson','Drummond','69 Polton Bank','','Lasswade','Midlothian','EH18 1DA','0131 663 2922','jhds32@me.com','DAM','INK','F',2,0,2,0,0,0,150.00,0,'','2013-04-14','ABORT',' The Transaction was cancelled by the customer.','',0,0,0,0),(696,1365968444,7,1365968195,'8594a567ab8cad23fdb691e13eb2c5be43e3388f','O','130608','OL696',1,0,'Miss','Tannian','Laura','30 Inchkeith Drive','','Dunfermline','Fife','KY11 4HW','01383 722040','mad_hatter2005uk@hotmail.co.uk','DAG','INV','S',2,0,2,2,0,0,168.00,0,'','2013-04-14','','','',0,0,0,0),(698,1365970441,9,1365970305,'220be5ac2cf82a60c8dbbd3356a72daeb2b3fa94','O','130616b','OL698',1,0,'Mr','Hope','Kenneth','1 Inn Brae','Longside','PETERHEAD','','AB42 4XN','07789 442539','kennyhope@john-lewis.com','EDB','EDB','S',4,0,4,0,0,0,284.00,0,'','2013-04-14','OK',' The Authorisation was Successful.','VISA',3514,94099,0,0),(705,1366017565,2,1366017417,'b23cea2d41149a15ff8cff454f16b1fedb81569d','O','130421b','OL705',1,0,'MR','MACGILLIVRAY','TIMOTHY','45 ANDERDSON DRIVE','COWDENBEATH','COWDENBEATH','FIFE','KY49PB','01383515772','mandyhutchison@googlemail.com','DAM','INK','S',2,0,2,0,0,0,110.00,0,'','2013-04-15','OK',' The Authorisation was Successful.','DELTA',8954,577255,0,0),(707,1366021417,9,1366021293,'9271ee6a646f5f8d28cad42fab13d6679d946308','O','130616b','OL707',1,0,'Mr','Hunter','Alexander','8 Berryhill Cottages','Oyne','Insch','Aberdeenshire','AB52 6QT','07766887460','alexhunter4@btinternet.com','EDB','EDB','S',2,0,0,0,0,0,118.00,0,'','2013-04-15','OK',' The Authorisation was Successful.','DELTA',9545,966131,0,0),(708,1366021629,9,1366021518,'72cdf2e88df890b70483164761b515d4076a3881','O','130616b','OL708',1,0,'Mr','Hunter','Alex','2 Murrial Farm Cottages','','Insch','Aberdeenshire','AB52 6NU','01464820781','crovie22@hotmail.com','EDB','EDB','S',2,0,0,0,0,0,118.00,0,'','2013-04-15','','','',0,0,0,0),(709,1366022561,3,1366022320,'42485acb59f34090d2e691551b23f5b3dc5d3e13','O','130504','OL709',1,0,'Mr','Boyes','William','14 Ochil Court','','South Queensferry','Midlothian','EH30 9QL','0131 331 1231','bill.boyes@hotmail.com','DAM','MLG','F',2,0,0,0,2,0,214.00,0,'','2013-04-15','OK',' The Authorisation was Successful.','MC',9414,629751,0,0),(716,1366025949,1,1366025823,'9a16ed9fc3d5ff37b79b54eb1439f5f8b8e17a0c','O','130421a','OL716',1,0,'Mr','Jones','R Myrddin','17 St Ternans Road','Newtonhill','Stonehaven','Aberdeenshire','AB39 3PF','01569 731224','rmj@ternans.wanadoo.co.uk','LIN','LIN','F',2,0,0,0,0,0,130.00,0,'','2013-04-15','OK',' The Authorisation was Successful.','DELTA',63,15209,0,0),(722,1366037550,1,1366037283,'e7cf34b98b0f7d865db24523a1db44aa82f8195f','O','130421a','OL722',1,0,'Mr','Philp','Alan','42 Abbot Road','Balquhidderock','Stirling','Stirlingshire','FK7 7UQ','(01786) 814811','alan@schiehallion.demon.co.uk','LIN','LIN','S',2,0,2,0,0,0,110.00,0,'','2013-04-15','ABORT',' The Transaction was cancelled by the customer.','',0,0,0,0),(724,1366038209,1,1366038056,'d5b8f1509fd87b32d2e9a6da48c28083156ac560','O','130421a','OL724',1,0,'Mr','Philp','Alan','42 Abbot Road','Balquhidderock','Stirling','Stirlingshire','FK7 7UQ','(01786) 814811','alan@schiehallion.demon.co.uk','LIN','LIN','S',2,0,2,0,0,0,110.00,0,'','2013-04-15','','','',0,0,0,0),(727,1366039651,1,1366039517,'7f00a602cea24598d8a078fe1e2c401e78bf612c','O','130421a','OL727',1,0,'Mr','Shanks','Ian','4 Kinnordy Place','','Glenrothes','Fife','KY7 4UP','07884353869','ianshanks@exclusiveradio.freeserve.co.uk','LIN','LIN','S',1,0,0,0,0,0,45.00,0,'','2013-04-15','OK',' The Authorisation was Successful.','VISA',5420,35397,0,0),(732,1366044849,2,1366044767,'03addf658fa253709c911f94d25baf823ea61a8f','O','130421b','OL732',1,0,'Mr','Nicol','Simon','69 Meldrum Court','','Dunfermline','Fife','KY114XR','01383737444','snicol@optos.com','DAM','INK','S',3,0,0,0,0,0,135.00,0,'','2013-04-15','OK',' The Authorisation was Successful.','DELTA',1093,868413,0,0),(735,1366048638,3,1366047865,'688f974abeeb279d4303c0be4a119028c71e0a71','O','130504','OL735',1,0,'Mrs','Matheson','Audrey','74A','Lauriston Road','London','','E9 7HA','07887 508401','audstu@talktalk.net','FKK','MLG','F',3,0,3,0,3,0,345.00,0,'','2013-04-15','OK',' The Authorisation was Successful.','DELTA',7824,6805,0,0),(736,1366048197,2,1366048149,'007517ca45caa593b8d2ab14f6f6f261c535e7fd','O','130421b','OL736',1,0,'Mrs','Vernal','Anne','38 Langhaul Road','Crookston','Glasgow','Lanarkshire','G53 7SE','0141 882 8687','anne.vernal@btinternet.com','DAM','INK','F',2,0,0,0,0,0,130.00,0,'','2013-04-15','OK',' The Authorisation was Successful.','DELTA',10,15330,0,0),(742,1366061225,5,1366060846,'235e23d8ebdf9859401110b7ee428bbd8f8053ab','O','130601','OL742',1,0,'Mrs','Dick','Jill','98 Forsyth Street','','Greenock','Renfrewshire','PA16 8QY','01475 721366','evsone@aol.com','WES','MLG','F',2,0,2,2,2,0,310.00,1,'','2013-04-15','OK',' The Authorisation was Successful.','MC',1100,214453,0,0),(743,1366061079,7,1366060937,'b83af2631f92fa0a8136e012ffd91480f3cbf3e7','O','130608','OL743',1,0,'Mrs','Kermack','Eileen','1.coronation Crescent','','Leven','Fife','KY8 4BJ','01333425815','eileen_kermack@hotmail.com','KDY','INV','F',2,0,2,2,0,0,218.00,0,'','2013-04-15','OK',' The Authorisation was Successful.','MC',7791,675569,0,0),(746,1366101934,2,1366101851,'2e2e1f75029823273a54204fdaa634d7d278495d','O','130421b','OL746',1,0,'Mr','Gatland','Tim','131 Glasgow Road','','Perth','Perthshire','PH2 0LU','07721 989440','tg@gatcons.co.uk','DAM','INK','S',2,1,0,0,0,0,123.00,0,'','2013-04-16','OK',' The Authorisation was Successful.','VISA',5001,46334,0,0),(752,1366108763,3,1366108684,'366e1c1c619e984e52e57d114c2c3c24c87ea74a','O','130504','OL752',1,0,'Mr','Gaunt','G','1 Bruce Gate','Airth','Falkirk','Stirlingshire','FK2 8GN','01324832820','geoffg@prismtd.co.uk','FKK','MLG','F',1,0,1,0,1,0,115.00,0,'','2013-04-16','OK',' The Authorisation was Successful.','MC',3290,12706,0,0),(758,1366139154,8,1366138956,'0dc50921b59fe6984898b18401ac3a39fdefaf05','O','130616a','OL758',1,0,'Mr','Forbes','Allan','1A Ravelston Park','','Edinburgh','Midlothian','EH4 3DX','0131  332 0330','al@allanforbes.co.uk','EDB','EDB','F',2,0,0,0,0,0,164.00,1,'','2013-04-16','OK',' The Authorisation was Successful.','VISA',3874,44954,0,0),(769,1366196426,4,1366196338,'23ab594d79e9cf07662fb356f676a6e987933135','O','130525','OL769',1,0,'Mr','Maclean','Alistair','38 Crawford Street','','Motherwell','','ML1 3AF','01698 236814','alistair.maclean@srps.org.uk','MUB','KYL','F',2,0,2,0,2,0,230.00,0,'','2013-04-17','ABORT',' The Transaction was cancelled by the customer.','',0,0,0,0),(773,1366203549,1,1366203429,'eaed0ad0e5ca4a6c6f488445aba508690a957cd5','O','130421a','OL773',1,0,'Mr','Boiling','Alexander','48','The Vennell','Linlithgow','West Lothian','EH497EU','07810044829','sandy@sbhire.com','LIN','LIN','S',4,2,4,0,0,0,286.00,0,'','2013-04-17','ABORT',' The Transaction was cancelled by the customer.','',0,0,0,0),(774,1366205113,7,1366204989,'b30725c0e1a89ba733bbe2da95b0fb6370511b81','O','130608','OL774',1,0,'Mrs','Lerpiniere','Christine','5 The Chesters','Drem','North Berwick','East Lothian','EH39 5BU','01620850323','c.lerpiniere@ed.ac.uk','DRM','INV','F',2,0,2,2,0,0,218.00,0,'','2013-04-17','OK',' The Authorisation was Successful.','DELTA',3910,896828,0,0),(776,1366215066,2,1366214972,'522f65a07ab686f5f6a59e5f0ed01ecba153ece0','O','130421b','OL776',1,0,'Mr','Grisdale','Malcolm','83 Windmill Court','','Newcastle Upon Tyne','','NE2 4BA','07976686002','mal.ne.uk@gmail.com','DAM','INK','S',1,0,0,0,0,0,45.00,0,'','2013-04-17','OK',' The Authorisation was Successful.','DELTA',5474,468639,0,0),(780,1366222535,2,1366222242,'14539879ebf6ca6eecff25b8ce2bd9fb98bae665','O','130421b','OL780',1,0,'Mr','Willison','Billy','The Beeches','3Quality Street','Gauldry','Fife','DD68RS','01382330339','william.willison@btopenworld.com','DAM','INK','S',4,0,4,0,0,0,220.00,0,'','2013-04-17','OK',' The Authorisation was Successful.','VISA',9529,15802,0,0),(783,1366232358,1,1366232269,'6d67d8b027cb6622a57569a736725f36b7db0b76','O','130421a','OL783',1,0,'Mrs','Gallagher','Marion','8 Cronin Place','','Bellshill','Lanarkshire','M 1LZL','01698 745825','mariongallagher41@hotmail.com','LIN','LIN','S',1,0,0,0,0,0,45.00,0,'','2013-04-17','OK',' The Authorisation was Successful.','DELTA',2369,586167,0,0),(787,1366280678,3,1366280569,'046513b3abe58ea852d9e39e337639b68a652ff8','O','130504','OL787',1,0,'Mr','Carstairs','John','1 Harris Place','','Dunfermline','Fife','KY11 3PE','01383 741180','johncarstairs@hotmail.com','DAG','MLG','F',2,0,2,0,2,0,230.00,0,'','2013-04-18','OK',' The Authorisation was Successful.','MC',2504,0,0,0),(789,1366281497,8,1366281237,'0b83a150cb5b6484f8ba6c451ff614cf08596a69','O','130616a','OL789',1,0,'Mr','FRENCH','Allan','7 Stewart Grove','','Danderhall','Midlothian','EH22 1QY','0131 654 0343','sheilafrench669@aol.com','EDB','EDB','S',3,1,0,0,0,0,183.00,0,'','2013-04-18','OK',' The Authorisation was Successful.','DELTA',119,18068,0,0),(806,1366307984,1,1366307886,'69c1b01262c2d01e45c9d155d46c8581dda038c8','O','130421a','OL806',1,0,'Mrs','Hetherington','Sheila','38 Chalton Road','Bridge Of Allan','Stirling','Stirling','FK9 4EF','01786 833316','sjhetherington@talk21.com','LIN','LIN','S',2,1,0,0,0,0,123.00,0,'','2013-04-18','OK',' The Authorisation was Successful.','MC',264,614229,0,0),(807,1366308907,1,1366308775,'c64c9aa7701e1a09434e9d774788bd40f0e8da3b','O','130421a','OL807',1,0,'Mr','Galletly','Norman','56 Cawder Road','Bridge Of Allan','Stirling','','FK9 4JJ','07788216195','norriegalletly46@hotmail.com','LIN','LIN','S',4,0,4,0,0,0,220.00,0,'','2013-04-18','','','',0,0,0,0),(809,1366309354,1,1366309258,'3549510aae33a1eab1ac3a7addce0ed4476d688f','O','130421a','OL809',1,0,'Mr','Galletly','Norman','56 Cawder Road','Bridge Of Allan','Stirling','','FK9 4JJ','07788216195','norriegalletly46@hotmail.com','LIN','LIN','S',4,0,4,0,0,0,220.00,0,'','2013-04-18','OK',' The Authorisation was Successful.','MC',6958,62654,0,0),(811,1366310482,1,1366310445,'e422cb05c8e2983396072abfd6150055cd6f5b1c','O','130421a','OL811',1,0,'','D','D','D','','D','','D','','d','LIN','LIN','F',2,0,2,0,0,0,150.00,0,'','2013-04-18','','','',0,0,0,0),(817,1366315055,4,1366314847,'7cdcca4f0a062b0950165cd885ee60bbb44ce0ce','O','130525','OL817',1,0,'Mr','Whannel','James','Milton Of Forteviot Farmh','Forteviot','Perth','Perthshire','PH2 9BT','07510309521','jimwhannel@dsl.pipex.com','PTH','KYL','S',2,0,0,0,0,0,128.00,0,'','2013-04-18','OK',' The Authorisation was Successful.','DELTA',6928,801830,0,0),(827,1366363907,4,1366363748,'3653dda7ffd9fedff334451df6902fb9eb974785','O','130525','OL827',1,0,'MR','BROWN','ROBIN M','46 BUCHANAN STREET','MILNGAVIE','GLASGOW','','G62 8AP','0141 956 1737','robin.brown11@ntlworld.com','EDB','KYL','S',2,0,2,0,2,0,168.00,0,'','2013-04-19','OK',' The Authorisation was Successful.','MC',3987,31422,0,0),(834,1366373936,4,1366373735,'d4bed5ab7a0b3787c3fe6f1059d7df2d425bb097','O','130525','OL834',1,0,'Mr','Berwick','Ronald','10 Boreland Place','Dysart','Kirkcaldy','Fife','KY1 2YZ','07889 027720','ron@240r.fsnet.co.uk','KDY','KYL','S',2,0,2,0,2,0,168.00,0,'','2013-04-19','OK',' The Authorisation was Successful.','MC',5535,673392,0,0),(835,1366375741,1,1366375466,'52a772a846d81ab9fb1b980576c0d3f16a6fbb0b','O','130421a','OL835',1,0,'Mr','MacGregor','Robert','151 West Stirling Street','Flat 12','Alva','Clackmanshire','FK12 5EL','07772503427','robertdmacgregor@hotmail.com','LIN','LIN','S',1,0,0,0,0,0,45.00,0,'','2013-04-19','OK',' The Authorisation was Successful.','MCDEBIT',3518,721900,0,0),(841,1366392990,2,1366392825,'f5a49317cbb5ce35aa4e333198dd70ef8656f31f','O','130421b','OL841',1,0,'Dr','MacEachen','William','12 Laverockdale Crescent','Colinton','Edinburgh','Midlothian','EH13 0EY','07973290380','williemaceachen@ymail.com','DAM','INK','S',2,0,2,0,0,0,110.00,0,'','2013-04-19','OK',' The Authorisation was Successful.','MC',8933,0,0,0),(850,1366402972,2,1366402759,'38036eca33c50b49ac2c9707a4b6d52d8b13efb2','O','130421b','OL850',1,0,'Miss','Bisset','Fran','14','Hospitalfield Gardens','Arbroath','Angus','DD11 2LW','01241 878914','fran.bisset@btopenworld.com','DAM','INK','S',1,1,2,0,0,0,98.00,0,'','2013-04-19','ABORT',' The Transaction was cancelled by the customer.','',0,0,0,0),(851,1366403597,2,1366403405,'e30c076cd5cccdc6d733886b98425d50703e00c8','O','130421b','OL851',1,0,'Miss','Bisset','Fran','14 Hospitalfield Gardens','','Arbroath','Angus','DD11 2LW','01241 878914','fran.bisset@btopenworld.com','DAM','INK','S',1,1,2,0,0,0,98.00,0,'','2013-04-19','OK',' The Authorisation was Successful.','MC',3818,0,0,0),(863,1366449317,3,1366449101,'2b69774663968a5338c2e9ba746225250b801118','O','130504','OL863',1,0,'Mfs','Paterson','Jacqueline','110 Easton Drive','','Shieldhill','Falkirk','FK1 2DW','01324 717180','jackpat@sky.com','FKK','MLG','S',2,0,0,0,0,0,256.00,0,'','2013-04-20','','','',0,0,0,0),(873,1366469179,9,1366469025,'9b9228669a23d2c0c3440c6a841825e73e4192b8','O','130616b','OL873',1,0,'Mr','Harding','Colin','387 Highfield Road','Farnworth','Bolton','Lancs','BL4 0PQ','01204-578888','colinlmharding@tiscali.co.uk','EDB','EDB','F',1,0,0,0,0,0,96.00,1,'','2013-04-20','ABORT',' The Transaction was cancelled by the customer.','',0,0,0,0),(876,1366471098,3,1366470870,'cb7b200350ce8852b89ede71a7b023601b4ff0a0','O','130504','OL876',1,0,'Mrs','Brown','Margaret','88 Lindsays Wynd Oakley','','Dunfermline','Fife','KY12 9SP','01383852759','colin.brown06@btinternet.com','DAG','MLG','S',2,0,2,0,2,0,168.00,0,'','2013-04-20','OK',' The Authorisation was Successful.','DELTA',7314,22283,0,0),(880,1366472839,2,1366472700,'64e04bf8dbfc6133c1eed950d8c23d1cbedc2a27','O','130421b','OL880',1,0,'Mr','Galloway','John','7 Hodge Street','','Falkirk','','FK15AA','07968052727','jg011y8661@blueyonder.co.uk','DAM','INK','S',1,0,0,0,0,0,45.00,0,'','2013-04-20','OK',' The Authorisation was Successful.','DELTA',8453,438050,0,0),(886,1366482820,1,1366482749,'2d13e4bc182e87a18f0eaeca3d071a265f7b0ac3','O','130421a','OL886',1,0,'.','.','.','.','.','.','.','.','.','a@b.com','LIN','LIN','F',2,0,0,0,0,0,130.00,0,'','2013-04-20','','','',0,0,0,0),(887,1366483001,2,1366482843,'9d6a1148cca5b212d5c1058c2f9997f45a02897d','O','130421b','OL887',1,0,'Mr','Reid','Alastair','33 Howe Street','','Edinburgh','Midlothian','EH3 6TF','01315563002','reid.al@btinternet.com','DAM','INK','S',1,0,0,0,0,0,45.00,0,'','2013-04-20','OK',' The Authorisation was Successful.','MC',5461,601443,0,0),(889,1366485074,3,1366484734,'08ab6f611f4335ffef6903becb0f8cf9afe43ad8','O','130504','OL889',1,0,'Mr','Fraser','Kenneth','49 Lindsay Gardens','','St.Andrews','Fife','KY16 8XD','01334 474294','jethart@talktalk.net','GLT','MLG','F',1,0,1,0,1,0,115.00,0,'','2013-04-20','OK',' The Authorisation was Successful.','DELTA',2598,211521,0,0),(912,1366536698,8,1366536560,'60f82219d825f4698d65a13133d2c7582fad3546','O','130616a','OL912',1,0,'Mrs','Hamilton','Gillian','31 Church Court','','Philpstoun','West Lothian','EH49 6RD','01506 834463','ghamilton@north-gla.ac.uk','EDB','EDB','S',2,0,0,0,0,0,98.00,0,'','2013-04-21','OK',' The Authorisation was Successful.','MC',7126,633861,0,0),(916,1366560620,9,1366536970,'45d8bf66b1d14f81bdf02ac1041af61b1ea51a54','O','130616b','OL916',1,0,'Ms','McArthur','Lorna','59 The Bridges','Dalgety Bay','Dunfermline','Fife','KY11 9XZ','01383 821003','lornajanemcarthur@gmail.com','EDB','EDB','S',2,2,0,0,0,0,204.00,0,'','2013-04-21','','','',0,0,0,0),(921,1366539933,9,1366539750,'7641af35e1fa1a963266756f53a6abaa6879cec7','O','130616b','OL921',1,0,'Mr','Overton','Graham','26','Kennedy Crescent','Kirkcaldy','Fife','KY2 5JW','01592 890072','grahamoverton@msn.com','EDB','EDB','S',2,1,0,0,0,0,161.00,0,'','2013-04-21','','','',0,0,0,0),(926,1366558560,3,1366558375,'3b1c6e5d10c8b9c3ce199432aef731989e0b21ee','O','130504','OL926',1,0,'Mrs','Davidson','Brora','4 Cunningham Road','Stenhousemuir','Larbert','','FK5 4HH','01324553872','broras@btinternet.com','FKK','MLG','F',2,0,0,0,0,0,190.00,0,'','2013-04-21','OK',' The Authorisation was Successful.','DELTA',4511,584880,0,0),(927,1366559070,9,1366558793,'c66f47931e6a27cc67304d68875088fb9bf7a91a','O','130616b','OL927',1,0,'Mr','McDiarmid','Tom','51 Balmuildy Road','','Bishopbriggs','EastDunbartonshire','GLASGOW','0797 331 7274','tjmcdiarmid@aol.com','EDB','EDB','S',2,0,2,0,0,0,142.00,0,'','2013-04-21','OK',' The Authorisation was Successful.','DELTA',1340,634051,0,0),(930,1366559804,9,1366559649,'15ce4d606329d6621e451dc5d2e86a99a3b6648d','O','130616b','OL930',1,0,'Mr','Voge','Julian','10 Hermitage Gardens','','Edinburgh','','EH10 6BA','0131 656 0248','julian.voge@brodies.com','EDB','EDB','S',4,0,0,0,0,0,236.00,0,'','2013-04-21','OK',' The Authorisation was Successful.','MCDEBIT',6098,809300,0,0),(931,1366564354,3,1366564087,'39b9670c77e93753adeb12c3dcc07bd09cf4e124','O','130504','OL931',1,0,'MR','MCPHAIL','JAMES','GLENFORSA','79 MINTO CRESCENT','GLENROTHES','FIFE','KY6 1LR','01592 769311','mcphail.james@rocketmail.com','GLT','MLG','F',2,0,2,0,2,0,230.00,0,'','2013-04-21','OK',' The Authorisation was Successful.','DELTA',5325,122574,0,0),(932,1366571407,9,1366570968,'380b8875796ecf1e31abab6009631aac79d794d1','O','130616b','OL932',1,0,'Mr','Summers','Stewart, Watson','84 Ten Acres,','Sauchie','Alloa','CLACKMANNANSHIRE','FK10 3DP','01259723987','summersm2@sky.com','EDB','EDB','S',1,1,0,0,0,0,102.00,0,'','2013-04-21','OK',' The Authorisation was Successful.','DELTA',9216,22252,0,0),(933,1366571858,9,1366571786,'ca85293aaecaf3528dc2beb115f4915b8f88bfdf','O','130616b','OL933',1,0,'Mr','Gettings','Peter','23/3 Parkside Terrace','','Edinburgh','Midlothian','EH16 5XW','441316675171','petergettings@yahoo.co.uk','EDB','EDB','S',1,0,0,0,0,0,59.00,0,'','2013-04-21','','','',0,0,0,0),(947,1366619525,9,1366619416,'7095713b760d026e12a4eea69a46239522066911','O','130616b','OL947',1,0,'Mr','Garden','Alex','18 Sunnyside','','Kirriemuir','','DD8 5DR','01575572931','gardenkirrie@aol.com','EDB','EDB','F',2,0,2,0,0,0,216.00,1,'','2013-04-22','OK',' The Authorisation was Successful.','MC',3129,0,0,0),(949,1366622093,5,1366621883,'83b2f4e0ac95c454742279b0d9c76bb7a7e8e0d8','O','130601','OL949',1,0,'Mr','Sivyer','Robert','3 Rectory View','','Dewsbury','West Yorkshire','WF12 0NN','01924 468837','r.sivyers@btinternet.com','AYR','MLG','S',1,0,0,0,1,0,91.00,0,'','2013-04-22','OK',' The Authorisation was Successful.','DELTA',3782,156546,0,0),(951,1366624988,5,1366624593,'18330f976053a445d9604aaf33521929f867b724','O','130601','OL951',1,0,'Mr','Greig','Gordon','58 Rosedale Avenue','','Paisley','Renfrewshire','PA2 0RR','0774 131 5950','greigrosedale@aim.com','JJHN','MLG','S',1,0,0,0,0,0,79.00,0,'','2013-04-22','OK',' The Authorisation was Successful.','MC',1545,0,0,0),(952,1366626545,9,1366626298,'2422a4cef325128015db40b993b9f45aad7ef583','O','130616b','OL952',1,0,'Mr','Forrest','Barrie','2 The Orchard.','2 The Orchard','Reston .','Berwickshire','TD14 5JT','01890761238','barriejr@aol.com','EDB','EDB','S',2,0,0,0,0,0,118.00,0,'','2013-04-22','OK',' The Authorisation was Successful.','MC',5897,67780,0,0),(954,1366631797,4,1366631508,'6d07db74274023d7fe530db15b80068422362225','O','130525','OL954',1,0,'Mr','Barry','Nicholas','8','Fairway Court','Kelso','Roxburghshire','TD57SG','01573229148','nickbarry46@yahoo.co.uk','DAM','KYL','S',2,0,0,0,2,0,152.00,0,'','2013-04-22','OK',' The Authorisation was Successful.','DELTA',7143,574648,0,0),(965,1366654135,8,1366653935,'77ae7644da58bbe8c353e0b1bf39e7bd8cad97dd','O','130616a','OL965',1,0,'Mr','Dungate','Andrew','15 Brandsland','','Reigate','Surrey','RH2 7PA','07886438095','andrew_dungate@hotmail.com','EDB','EDB','S',1,0,0,0,0,0,49.00,0,'','2013-04-22','OK',' The Authorisation was Successful.','MC',3490,625130,0,0),(966,1366654381,9,1366654294,'cffdf1db9c7b7639f55a212398c02995e867fe95','O','130616b','OL966',1,0,'Mr','Dungate','Andrew','15 Brandsland','','Reigate','Surrey','RH2 7PA','07886438095','andrew_dungate@hotmail.com','EDB','EDB','S',1,0,1,0,0,0,71.00,0,'','2013-04-22','OK',' The Authorisation was Successful.','MC',3490,836070,0,0),(968,1366658270,9,1366658108,'6cf3848c4f7d19675a80f558c0bdf7275c4888cb','O','130616b','OL968',1,0,'Mr','Honeyford','Martin','18 Wheatfield Road','','Bo\'Ness','West Lothian','EH51 9RU','01506 494321','mh011d0816@blueyonder.co.uk','EDB','EDB','S',2,1,3,0,0,0,197.00,0,'','2013-04-22','REJECTED','The number of authorisation attempts exceeds the limit.','',0,0,0,0),(970,1366658543,9,1366658461,'11e5cd41997b0e6c3213eda80f5740af8c538428','O','130616b','OL970',1,0,'Mr','Honeyford','Martin','18 Wheatfield Road','','Bo\'Ness','West Lothian','EH51 9RU','01506494321','mh011d0816@blueyonder.co.uk','EDB','EDB','S',2,1,3,0,0,0,197.00,0,'','2013-04-22','OK',' The Authorisation was Successful.','MC',6733,0,0,0),(972,1366659582,4,1366659441,'2dc5061c8a08d656091d684894e5e818ad9ff7e2','O','130525','OL972',1,0,'Dr','Cochran','David','Invercauld','Carriden Brae','Boness','West Lothian','EH51 9SL','01506 823120','dfmcochran@virginmedia.com','DAM','KYL','F',2,0,2,0,2,0,230.00,0,'','2013-04-22','','','',0,0,0,0),(978,1366661139,9,1366661008,'f0a5ced4cc6b720a3781260e789a04a358b3a6db','O','130616b','OL978',1,0,'Mr','Hume','Scott','80 The Murrays','','Edinburgh','','EH17 8UP','01316722676','slh70@talktalk.net','EDB','EDB','S',1,1,0,0,0,0,102.00,0,'','2013-04-22','','','',0,0,0,0),(980,1366663685,10,1366663529,'a27b056ce6629744f58f3465837d410238b87538','O','130504a','OL980',1,0,'Mr','Fordyce','David','7 Naseby Avenue','Broomhill','Glasgow','Lanarkshire','G11 7JQ','0141 576 7602','david.fordyce60@gmail.com','WES','FTW','S',2,0,0,0,0,0,108.00,0,'','2013-04-22','OK',' The Authorisation was Successful.','VISA',5969,55116,0,0),(982,1366664061,9,1366663965,'c1b04b5d1063e6ba1dcb1747f252c528e5937ca9','O','130616b','OL982',1,0,'Mr','Overton','Graham','26 Kennedy Crescent','','Kirkcaldy','Fife','KY2 5JW','01592 266135','grahamoverton@msn.com','EDB','EDB','S',2,1,3,0,0,0,197.00,0,'','2013-04-22','OK',' The Authorisation was Successful.','DELTA',2312,907174,0,0),(989,1366702602,8,1366702479,'c8573c12796dc2fb70279ff6a50824ea7151fd43','O','130616a','OL989',1,0,'Mr','Carter','Iain','229b Reading Road','','Wokingham','Berkshire','RG41 1HS','0118 978 3088','carter.iain@gmail.com','EDB','EDB','S',1,0,0,0,0,0,49.00,0,'','2013-04-23','OK',' The Authorisation was Successful.','DELTA',7312,397958,0,0),(993,1366723011,8,1366722852,'199340fb9f4bcfd6a9e834ae0df2ffd06504e504','O','130616a','OL993',1,0,'Mr','Gray','Derek','19, Keppel Road','','North Berwick','East Lothian','EH39 4QF','01620 893393','derek.gray@edf-energy.com','EDB','EDB','S',2,0,0,0,0,0,98.00,0,'','2013-04-23','OK',' The Authorisation was Successful.','MC',6172,54582,0,0),(998,1366738850,3,1366738654,'0a6456aeaa620fa33d26f36d8f28fec9ba98376e','O','130504','OL998',1,0,'Mr','Capaldi','Mario','34 Church Street','','Kirkcaldy','Fife','KY1 2AJ','07815 926875','mar@mcapaldi.freeserve.co.uk','KDY','MLG','S',2,0,0,0,2,0,152.00,0,'','2013-04-23','OK',' The Authorisation was Successful.','DELTA',8718,23910,0,0),(1000,1366743498,9,1366742585,'3edb9be125fa5b986612f4e93ea2bb0f311ea6a2','O','130616b','OL1000',1,0,'Mister','Main','James','1 Mafeking Street Craigne','','Wishaw','Lanarkshire','ML2 7UF','01698 321866','ringspanner@live.co.uk','EDB','EDB','F',2,0,2,0,0,0,196.00,0,'','2013-04-23','OK',' The Authorisation was Successful.','MCDEBIT',8611,39800,0,0),(1002,1366743282,9,1366743148,'c42743c3330bbf41b0e6cc5e2155ea903adc2222','O','130616b','OL1002',1,0,'Mr','Hume','Scott','80 The Murrays','','Edinburgh','','EH17 8UP','01316722676','slh70@talktalk.net','EDB','EDB','S',1,1,0,0,0,0,102.00,0,'','2013-04-23','OK',' The Authorisation was Successful.','DELTA',4849,685327,0,0),(1005,1366747187,9,1366746973,'0319b8eee853ba8bd92dadb715deafd5e779012b','O','130616b','OL1005',1,0,'Mr','Moxham','Clive','4 Ashlea Court','Newmillerdam','Wakefield','West Yorkshire','WF2 7SL','07780 115170','themoxhams3@btinternet.com','EDB','EDB','S',2,0,0,0,0,0,118.00,0,'','2013-04-23','OK',' The Authorisation was Successful.','MC',1898,621547,0,0),(1009,1366752368,8,1366752207,'3ef99875106209f49c57eb39a4fece27876cb474','O','130616a','OL1009',1,0,'Mr','Watt','Craig','82 Alexander Avenue','','Falkirk','','FK2 9DZ','01324630686','crsmit18@hotmail.com','EDB','EDB','S',2,0,2,0,0,0,118.00,0,'','2013-04-23','OK',' The Authorisation was Successful.','DELTA',214,23492,0,0),(1014,1366805013,8,1366804830,'0d5d23bf1777d363ac0ac39f41d231581ca8f17b','O','130616a','OL1014',1,0,'Mr','Cameron','Duncan','25 Willow Grove','','Dunfermline','Fife','KY11 8BB','01383727030','d.cameron1@tiscali.co.uk','EDB','EDB','S',2,0,2,0,0,0,118.00,0,'','2013-04-24','OK',' The Authorisation was Successful.','MC',4556,0,0,0),(1022,1366823939,5,1366823596,'fbe92a3246af5cbb178952f5f3998e110fbd565a','O','130601','OL1022',1,0,'Mr','MacDonald','Stuart','4 Inchtavannach','Balloch','Alexandria','West Dunbartonshire','G838SF','07990835454','stuart_kinloch@yahoo.co.uk','HLU','MLG','F',2,0,0,0,0,0,250.00,1,'','2013-04-24','OK',' The Authorisation was Successful.','DELTA',8460,24159,0,0),(1023,1366826722,9,1366826610,'b600deb1018637192fe7e9dbbe691f4c9660afd8','O','130616b','OL1023',1,0,'Mr','Miller','Thomas','130','Robertson Road','Cupar','Fife','KY155YS','01334654299','p.miller@abertay.ac.uk','EDB','EDB','S',1,1,0,0,0,0,102.00,0,'','2013-04-24','OK',' The Authorisation was Successful.','MC',1878,672605,0,0),(1027,1366835637,3,1366835429,'b582c1b0dbff9e7749fbbcb29a63ec5b2fbf2488','O','130504','OL1027',1,0,'MR','MELIA','KEVIN','41 ACUBA ROAD','','LIVERPOOL','MERSEYSIDE','L18 7LP','07763 621 224','kevin_melia@hotmail.com','GLT','MLG','S',2,0,0,0,0,0,128.00,0,'','2013-04-24','','','',0,0,0,0),(1040,1366889198,8,1366889094,'29dce9b8b12ac64747990cedc3b50a75d76645aa','O','130616a','OL1040',1,0,'Mrs','Roff','Sally','67','George Govan Road','Cupar','Fife','KY15 4GY','01334 656779','sallyshirran@hotmail.com','EDB','EDB','S',2,0,2,0,0,0,118.00,0,'','2013-04-25','OK',' The Authorisation was Successful.','DELTA',4101,85204,0,0),(1046,1366915385,9,1366915178,'0ef4333c7ed8ebe80ac13fdf2228738bcef90d71','O','130616b','OL1046',1,0,'Mr','CONNERY','JOHN','153 WHINNYBURN PLACE','','ROSYTH','FIFE','KY11 2TR','01383 419120','johnconnery007@yahoo.co.uk','EDB','EDB','S',2,0,2,0,0,0,142.00,0,'','2013-04-25','OK',' The Authorisation was Successful.','DELTA',8820,25856,0,0),(1050,1366922528,10,1366922400,'51a5716866f6561154f7bab954e1ead81f7f7d00','O','130504a','OL1050',1,0,'Mr','Wrigglesworth','Robert','14 Carronvale Avenue','','Larbert','Stirlingshire','FK5 3LL','01324556230','rwrigglesworth@hotmail.co.uk','FKK','FTW','F',2,0,2,0,0,0,174.00,0,'','2013-04-25','OK',' The Authorisation was Successful.','MC',3152,66714,0,0),(1052,1366923010,5,1366922848,'b9f89bf517c10649f6ca2cbc19e51f1ed4dddb01','O','130601','OL1052',1,0,'Miss','Macfarlane','Fiona','32 Lochlibo Avenue','','Glasgow','','G13 4AJ','0141 954 3624','fionamacx@yahoo.co.uk','WES','MLG','F',1,0,1,0,1,0,135.00,0,'','2013-04-25','OK',' The Authorisation was Successful.','MC',3666,623616,0,0),(1058,1366967405,3,1366967023,'3e8f3a1de4a44f21782abcc95744eee713e9eae9','O','130504','OL1058',1,0,'MR','Melia','Kevin','41 Acuba Road','','Liverpool','Merseyside','L15 7LP','07763 621 224','kevin_melia@hotmail.com','GLT','MLG','S',2,0,0,0,0,0,128.00,0,'','2013-04-26','OK',' The Authorisation was Successful.','DELTA',3311,26960,0,0),(1067,1366991734,9,1366991248,'e8df615a9455b4519746f4df645b835cf0ead7c7','O','130616b','OL1067',1,0,'Miss','Wilson','Sharon','6 Geatons Road','','Lochgelly','Fife','KY5 9HR','01592 783081','sharon.curtis92@googlemail.com','EDB','EDB','F',2,0,2,0,0,0,196.00,0,'','2013-04-26','OK',' The Authorisation was Successful.','DELTA',9627,26160,0,0),(1074,1367049867,3,1367049734,'12f25fffbd669cf97e6ca385acb869225305d23a','O','130504','OL1074',1,0,'Mr','Cameron','David','42 Barry Road','','Kirkcaldy','','KY2 6HZ','01592 203713','dcameron1953@live.co.uk','KDY','MLG','S',1,0,0,0,0,0,64.00,0,'','2013-04-27','','','',0,0,0,0),(1077,1367055841,9,1367055659,'7ec4a81438c28eeaf92134c14967d468f0098e5c','O','130616b','OL1077',1,0,'Mr','Voge','Julian','10 Hermitage Gardens','','Edinburgh','Lothians','EH10 6BA','013 656 0248','julian.voge@brodies.com','EDB','EDB','S',2,0,0,0,0,0,118.00,0,'','2013-04-27','','','',0,0,0,0),(1078,1367056676,8,1367056506,'2e98b51b96c19018b1cfbfc0cb64a8d511e69270','O','130616a','OL1078',1,0,'Mr','Young','James','66 Cockburn Crescent','','BALERNO','Mid Lothian','EH14 7EP','01314494330','jamespyoung@blueyonder.co.uk','EDB','EDB','S',1,1,0,0,0,0,85.00,0,'','2013-04-27','OK',' The Authorisation was Successful.','DELTA',6364,78268,0,0),(1079,1367058118,4,1367057168,'ea2e449b5b19ee8ab304d301ddd064e327d1c345','O','130525','OL1079',1,0,'Mrs','Colliss','Christine','19 Angus Road','Scone','Perth','Perthshire','PH2 6QU','07786705120','christine_colliss@hotmail.co.uk','PTH','KYL','S',2,0,0,2,2,0,172.00,0,'','2013-04-27','OK',' The Authorisation was Successful.','MC',8840,3806,0,0),(1082,1367067128,10,1367066948,'7030cb6848ea9e5e0a1a86d6cfa058a3f2d81bc0','O','130504a','OL1082',1,0,'Mrs','Mckeown','Irene','The Old Hall','Station Road  Gargunnock','Stirlingshire','Stirlingshire','F|K83DA','01786860789','irene.mckeown22@btinternet.com','WES','FTW','F',2,0,2,0,2,0,198.00,0,'','2013-04-27','INVALID',' A Postcode field contains invalid characters.','',0,0,0,0),(1083,1367067368,10,1367067240,'8c5cc6ef8a6b921dc09608fb3ceecdbccf51202c','O','130504a','OL1083',1,0,'Mrs','Mckeown','Irene','The Old Hall','Station Rd','Gargunnock','Stirlingshire','FK83DA','01786860789','irene.mckeown22@btinternet.com','WES','FTW','F',2,0,2,0,2,0,198.00,0,'','2013-04-27','OK',' The Authorisation was Successful.','MC',6717,55827,0,0),(1084,1367068629,9,1367068528,'fdb30a3a4975a349cec9c4acd3c63c23d10068c6','O','130616b','OL1084',1,0,'Mr','Voge','Julian','10 Hermitage Gardens','','Edinburgh','Lothians','EH10 6BA','0131 656 0248','julian.voge@brodies.com','EDB','EDB','S',2,0,0,0,0,0,118.00,0,'','2013-04-27','OK',' The Authorisation was Successful.','MCDEBIT',6098,534200,0,0),(1086,1367077954,4,1367077822,'140465a94214d445974fd1116ca5939641c9f8b2','O','130525','OL1086',1,0,'Mrs.','Gilmour','Isobel','8 Newhouse Avenue','','Dunbar','East Lothian','EH42 1NE','01368 863414','isobelgilmour123@btinternet.com','NBW','KYL','S',2,0,2,0,2,0,168.00,0,'','2013-04-27','OK',' The Authorisation was Successful.','DELTA',5057,764313,0,0),(1091,1367084198,4,1367084029,'5debff9d625cf280e68512d29a9956093a80e501','O','130525','OL1091',1,0,'MR','MCPHAIL','JAMES','79 MINTO CRESCENT','','GLENROTHES','FIFE','KY6 1LR','01592 769311','mcphail.james@rocketmail.com','KDY','KYL','F',2,0,2,0,2,0,230.00,0,'','2013-04-27','OK',' The Authorisation was Successful.','DELTA',5325,376245,0,0),(1109,1367105215,3,1367105082,'9dcfd35402082f38501b49ec32a141c94ff64b90','O','130504','OL1109',1,0,'Mr','Earwaker','David','42 Cotswold Close','','Basingstoke','Hants','RG225BA','07971833439','davidearwaker@aol.com','GLT','MLG','S',1,0,0,0,0,0,64.00,0,'','2013-04-28','OK',' The Authorisation was Successful.','DELTA',982,29638,0,0),(1110,1367142049,3,1367139744,'bf7b7664f39574da428bec6939e4c30255f46dd8','O','130504','OL1110',1,0,'Mrs','Paterson','Jacqueline','110 Easton Drive','','Shieldhill','Falkirk','FK1 2DW','441324717180','jackpat@sky.com','FKK','MLG','S',4,0,0,0,0,0,256.00,0,'','2013-04-28','OK',' The Authorisation was Successful.','MC',2947,0,0,0),(1118,1367150752,4,1367150546,'b24a1dd64c3d98dea4a5c6abcffdb2e103397899','O','130525','OL1118',1,0,'Mrs','Reid','Linda','77','Laichpark Road','Edinburgh','Midlothian','EH14 1XA','01314430852','lindareid79@hotmail.co.uk','EDB','KYL','S',2,0,2,2,2,0,188.00,0,'','2013-04-28','OK',' The Authorisation was Successful.','MC',4543,74354,0,0),(1120,1367157473,3,1367157152,'fa98f3f04bfc6da30c21235300719e71c3d5b253','O','130504','OL1120',1,0,'MR.','JOHNSTON','JOHN','5 LONGCRAIGS TER.','','KINGHORN','FIFE','KY39TA','01592890931','johnjohnston452@msn.com','KDY','MLG','S',3,0,0,0,3,0,228.00,0,'','2013-04-28','','','',0,0,0,0),(1122,1367158019,3,1367157866,'263cda00cc048c8045de67aad9f3404025e2068a','O','130504','OL1122',1,0,'MR','JOHNSTON','JOHN','5LONGCRAIG TER','','KINGHORN','FIFE','KY39TA','01592890931','johnjohnston452@msn.com','KDY','MLG','S',3,0,0,0,3,0,228.00,0,'','2013-04-28','OK',' The Authorisation was Successful.','MC',3471,613264,0,0),(1123,1367158957,5,1367158577,'6f15d08ed2ddc407e529f35040bfd4ac9bccb46f','O','130601','OL1123',1,0,'Mrs','Smith','Janet','51 Central Avenue','','Kilbirnie','Ayrshire','KA25 6J','01505683450','jinty1701@hotmail.com','JJHN','MLG','F',2,0,2,2,2,0,290.00,0,'','2013-04-28','OK',' The Authorisation was Successful.','MC',8221,0,0,1),(1124,1367158683,9,1367158609,'10d59ad21a4c2c2a636cec5c04c184a943888d97','O','130616b','OL1124',1,0,'Mr','Nisbet','Jim','46 Kenmure Avenue','','Edinburgh','Lothian','EH8 7HD','01316614535','jim.nisbet@dsl.pipex.com','EDB','EDB','S',1,0,0,0,0,0,59.00,0,'','2013-04-28','OK',' The Authorisation was Successful.','MC',9025,0,0,0),(1126,1367162430,4,1367162193,'251ce3b834b6bf0750f30dd32a3505e1e83216f7','O','130525','OL1126',1,0,'Mrs','McConkey','Ruth','54 Arthur Street','','Dunfermline','Fife','KY12 0JP','07714980089','ruthmcconkey@btinternet.com','DAG','KYL','S',2,0,2,0,2,0,168.00,0,'','2013-04-28','OK',' The Authorisation was Successful.','MC',1028,2070,0,0),(1128,1367164313,9,1367164226,'b90475a50a712d20bdcc6f0d0326cc2999fd6e61','O','130616b','OL1128',1,0,'Mr','Rankin','Jim','8 Lomond House','Glenlomond','Kinross','Kinross-shire','KY13 9HF','01592840590','corerankin@gmail.com','EDB','EDB','S',2,0,0,0,0,0,118.00,0,'','2013-04-28','OK',' The Authorisation was Successful.','VISA',2245,21534,0,0),(1130,1367166302,5,1367166122,'b2334772cf7144ddfde6e51889fc3c558d97bd3a','O','130601','OL1130',1,0,'Mrs','Turner','Mariane','59 Roman Road','Bearsden','Glasgow','East Dunbartonshire','G612SG','01419426345','mariane_turner@hotmail.com','WES','MLG','F',2,0,2,2,2,0,290.00,0,'','2013-04-28','','','',0,0,0,0),(1133,1367170864,9,1367170722,'cb98e2522ed756864be2c915e928e354838a32cb','O','130616b','OL1133',1,0,'Mr','Golding','John','9 Greenmount Drive','','Burntisland','Fife','KY3 9JH','01592 871227','mail@johngolding.co.uk','EDB','EDB','S',2,0,0,0,0,0,118.00,0,'','2013-04-28','OK',' The Authorisation was Successful.','DELTA',332,29082,0,1),(1141,1367185219,3,1367173262,'177266d6f5507df7d6639e58b2007db7494ef0c4','O','130504','OL1141',1,0,'','Miller','Howard','10 Hyndshaw View','Law','Carluke','','ML8 5JX','07765 068243','howardsmiller@gmail.com','DAG','MLG','F',1,0,0,0,0,0,95.00,0,'','2013-04-28','','','',0,0,0,0),(1148,1367183584,9,1367183450,'d9c88b74a8e113c9dcb125bfe3bbeb44060c305d','O','130616b','OL1148',1,0,'Mr','Clarke','Hugh','70 Brock Street','North Queensferry','Dunfermline','Fife','KY11 1JD','01383412291','shuggy1903@hotmail.co.uk','EDB','EDB','F',2,0,2,0,0,0,196.00,0,'','2013-04-28','','','',0,0,0,0),(1158,1367226936,3,1367226643,'85d7d517562aed700eb4175ffb81ed69dc4615c5','O','130504','OL1158',1,0,'Mrs','Rees','Margaret','1 Langside Crescent','Kennoway','Leven','Fife','KY8 5LW','01333351546','mhrees@hotmail.co.uk','KDY','MLG','S',1,0,1,0,1,0,84.00,0,'','2013-04-29','','','',0,0,0,0),(1164,1367234163,5,1367233891,'b1002bc1d1f06aee905a7c0d85ac1acef7aa9405','O','130601','OL1164',1,0,'Mr','Ward','Stephen','16 Watt Place','Milngavie','Glasgow','East Dunbartonshire','G62 7LQ','07843102440','agibash@hotmail.com','WES','MLG','S',2,0,0,0,2,0,182.00,0,'','2013-04-29','OK',' The Authorisation was Successful.','DELTA',4352,404997,0,0),(1167,1367239655,9,1367239501,'ddff06b619fb29277071d683a19628b932602115','O','130616b','OL1167',1,0,'Mrs','Leask','Mhairi','32 School Road','Redding','Falkirk','Stirlingshire','FK2 9XU','01324 883990','mhairifleask@live.co.uk','EDB','EDB','S',2,0,0,0,0,0,118.00,0,'','2013-04-29','OK',' The Authorisation was Successful.','DELTA',2911,29205,0,0),(1168,1367240979,9,1367240909,'6a3360ccf5ec5e0e7fa817ffe4aadf5693552659','O','130616b','OL1168',1,0,'Professor','Jack','Mervyn','3 East Savile Road','','Edinburgh','','EH165ND','07710442765','mervyn.jack@ed.ac.uk','EDB','EDB','F',3,0,3,0,0,0,294.00,0,'','2013-04-29','OK',' The Authorisation was Successful.','MC',6727,10040,0,0),(1176,1367249074,9,1367248923,'bd06241ec0bf7640900e78c44e5a9b1edc80ee35','O','130616b','OL1176',1,0,'Mrs','McMillan','Pat','26 Rannoch Drive','Bearsden','Glasgow','','G61 2JH','01415639112','patmcmillan@ntlworld.com','EDB','EDB','F',2,0,2,0,0,0,196.00,0,'','2013-04-29','ABORT',' The Transaction was cancelled by the customer.','',0,0,0,0),(1178,1367252318,5,1367250282,'3d247a8a5e4eb42afe432f65de829b5af9ca02e9','O','130601','OL1178',1,0,'Mr','Neill','William','2 Lade Court','','Lochwinnoch','Renfrewshire','PA12 4BT','01505 844811','bill.neill@sky.com','JJHN','MLG','F',2,0,2,2,2,0,290.00,0,'','2013-04-29','OK',' The Authorisation was Successful.','DELTA',6429,111798,0,0),(1181,1367258651,8,1367258564,'fa6b6f9aeec6737eb4fa4de34ecddd17b72fe510','O','130616a','OL1181',1,0,'Miss','Fyffe','Denise','1a Tennis Road','','Carnoustie','Angus','DD7 6HH','07941034933','denis.fyffe@blueyonder.co.uk','EDB','EDB','S',3,0,0,0,0,0,147.00,0,'','2013-04-29','OK',' The Authorisation was Successful.','MC',5254,0,0,0),(1183,1367260291,5,1367260173,'d0b9f8698514eaac649cdeab9a9aaa4e2b3ea823','O','130601','OL1183',1,0,'Miss','Doherty','Pauline','0/1 94 Neilston Road','','Paisley','','PA2 6EL','07882992629','p.doherty450@btinternet.com','PYG','MLG','F',2,0,2,0,0,0,246.00,0,'','2013-04-29','OK',' The Authorisation was Successful.','MC',3423,644207,0,0),(1184,1367262600,6,1367262402,'ecb567f517d1422735e468f41c0f96726c617af2','O','130601a','OL1184',1,0,'Mrs','Telfer','Margaret','78 Lane Crescent','Drongan','Ayr','Ayrshire','KA6 7AQ','01292590305','0llie4@talktalk.net','AYR','FTW','S',2,0,0,0,2,0,142.00,0,'','2013-04-29','','','',0,0,0,0),(1186,1367263474,5,1367263054,'8317ee6fe4bd0a2a906e4b23df65704808ac0f2e','O','130601','OL1186',1,0,'Mrs','Telfer','Margaret','78 Lane Crescent','Drongan','Ayr','Ayrshire','KA6 7AQ','01292590305','ollie4@talktalk.net','AYR','MLG','S',2,0,0,0,2,0,182.00,0,'','2013-04-29','OK',' The Authorisation was Successful.','DELTA',7228,904585,0,0),(1189,1367265779,4,1367265616,'6d6e0b8ae9fa11a2dc4d47f7b55ec163a26f3892','O','130525','OL1189',1,0,'Mrs','Nicoll','Elizabeth','Setonhill','Longniddry','Longniddry','East Lothian','EH32 0PL','07900890521','liz@setonhill.co.uk','LND','KYL','S',4,0,4,0,4,0,336.00,0,'','2013-04-29','OK',' The Authorisation was Successful.','DELTA',1112,29511,0,0),(1190,1367265859,8,1367265749,'ce2b37a3f5456cad4349685be8c0cc8cc1f16a9f','O','130616a','OL1190',1,0,'Dr','Carter','N Wynne','39 Flass Road','Wormit','Newport On Tay','Fife','DD6 8NL','07810754849','dr.n.w.carter@gmail.com','EDB','EDB','F',4,0,4,0,0,0,328.00,0,'','2013-04-29','OK',' The Authorisation was Successful.','MC',7529,89374,0,0),(1191,1367268381,7,1367268149,'487e95865e58ce7377950fa6df65920df6293980','O','130608','OL1191',1,0,'Mrs','MacGillivray','Wendy','28 Moray Court','Dalgety Bay','Dunfermline','Fife','KY11 9XN','01383823900','wendymacg@oranfe.net','DAG','INV','S',2,0,0,2,0,0,152.00,0,'','2013-04-29','','','',0,0,0,0),(1192,1367268619,7,1367268409,'27fd3dde55c50bb0a299fe1932f38b5b53bbf61b','O','130608','OL1192',1,0,'Mrs','MacGillivray','Wendy','28 Moray Court','Dalgety Bay','Dunfermline','Fife','KY11 9XN','01383823900','wendymacg@orange.net','DAG','INV','S',2,0,0,2,0,0,152.00,0,'','2013-04-29','ABORT',' The Transaction was cancelled by the customer.','',0,0,0,0),(1197,1367270641,5,1367270522,'1819153b7901166d4e4a7cd7d0a8997cabd052fe','O','130601','OL1197',1,0,'MISS','MACPHERSON','JENNIFER','69 1/1','STANMORE ROAD','MOUNT FLORIDA','SOUTH LANARKSHIRE','G42 9AJ','07758248190','jennifer.macpherson1@ntlworld.com','KWN','MLG','S',2,0,2,0,2,0,198.00,0,'','2013-04-29','OK',' The Authorisation was Successful.','DELTA',512,29348,0,0),(1200,1367302530,4,1367302430,'33fd0644c62440c3d06b65842d151b3751778c1b','O','130525','OL1200',1,0,'Ms','McPhail','Rhona','87 Chandlers Rise','Dalgety Bay','Dunfermline','Fife','KY11 9FL','07968 333086','rjmcp66@yahoo.co.uk','DAG','KYL','F',2,0,2,0,2,0,230.00,0,'','2013-04-30','','','',0,0,0,0),(1201,1367313739,5,1367312528,'335c9e66a96750db5439672b32dab811a9a9cde5','O','130601','OL1201',1,0,'MR & MRS','MCDOWALL','JOHN','1 LEAPMOOR DRIVE','','WEMYSS BAY','RENFREWSHIRE','PA18 6BT','01475 529139','jomackinnon@live.co.uk','JJHN','MLG','F',2,0,2,0,2,0,270.00,0,'','2013-04-30','','','',0,0,0,0),(1204,1367313960,5,1367313783,'23a7405fd90408bd786fd204f4c594b920bef954','O','130601','OL1204',1,0,'MR','MACKINNON','DUGALD','BEECHCROFT','WEST GLEN ROAD','KILMACOLM','RENFREWSHIRE','PA13 4PN','01505 872313','jomackinnon@live.co.uk','TRN','MLG','F',2,0,2,0,2,0,270.00,0,'','2013-04-30','OK',' The Authorisation was Successful.','DELTA',2428,30140,0,0),(1207,1367317718,5,1367317599,'44aaf5c58f188ccd99a8867c5a910628cedb8485','O','130601','OL1207',1,0,'Mrs','Heron','Mhairi','29 Portree Place','','Glasgow','Scotland','G15 8AR','01419442782','mhairi.heron@yahoo.co.uk','WES','MLG','S',1,0,0,0,0,0,79.00,0,'','2013-04-30','','','',0,0,0,0),(1209,1367318315,5,1367318230,'1aaa7ebf64a41e94e97856e99e3eb95be05fa9b2','O','130601','OL1209',1,0,'Mrs','Heron','Mhairi','29 Portree Place','','Glasgow','Scotland','G15 8AR','01419442782','mhairi.heron@yahoo.co.uk','WES','MLG','S',1,0,0,0,0,0,79.00,0,'','2013-04-30','OK',' The Authorisation was Successful.','DELTA',9216,30452,0,0),(1210,1367318828,8,1367318548,'7b596a71495336daaad8b37b91a860aed6d9c4bb','O','130616a','OL1210',1,0,'Mrs','Hillier','Janice','8','Roodwell Cottages Stenton','Dunbar','East Lothian','EH42 1TE','01368850396','jkhillier@tiscali.co.uk','EDB','EDB','S',2,0,0,0,0,0,98.00,0,'','2013-04-30','OK',' The Authorisation was Successful.','DELTA',6211,30620,0,0),(1214,1367341130,3,1367340898,'9dd5ade62be7f3dc08825f7be4f81d3b33eead0d','O','130504','OL1214',1,0,'Mr','Forsyth','Charles','34 Spittalfield Crescent','','Inverkeithing','Fife','KY11 1DU','07717710447','charlieforsyth@live.co.uk','DAG','MLG','S',2,0,0,2,0,0,148.00,0,'','2013-04-30','OK',' The Authorisation was Successful.','MCDEBIT',8952,618200,0,0),(1228,1367351993,5,1367351860,'f3696d7bdc910a65fbca0e80f48206440924b081','O','130601','OL1228',1,0,'Miss','F','J','E','E','F','','G42 9AJ','','hhhjjjjjjjj@hjhjjjk.com','KWN','MLG','S',2,0,0,0,0,0,158.00,0,'','2013-04-30','','','',0,0,0,0),(1231,1367409503,9,1367409370,'bc3d593d699094b7299c2c6eaa5a7c064838f394','O','130616b','OL1231',1,0,'Mr','McGeary','Terence','108 Carnegie Hill','The Murray','East Kilbride','South Lanarkshire','G75 0AE','0777 310 9819','terrymcgeary@hotmail.com','EDB','EDB','F',4,0,4,0,0,0,392.00,0,'','2013-05-01','OK',' The Authorisation was Successful.','VISA',8000,14076,0,0),(1238,1367422154,8,1367422089,'981121d542671b9a1685bd3f7a4f481e27f91070','O','130616a','OL1238',1,0,'','Daa','Ad','30qdd','','Elama','','EH11111','','gjrj@jajs.com','EDB','EDB','S',2,0,2,0,0,0,118.00,0,'','2013-05-01','','','',0,0,0,0),(1240,1367425509,5,1367425285,'6191b7f1aa833a69ddfa8a0832dafb79409d2a1e','O','130601','OL1240',1,0,'Mrs','Gallacher','Maureen','16 Dartmouth Ave','','Gourock','Inverclyde','PA19 1JD','01475 796727','maureen_gallacher@hotmail.com','PYG','MLG','S',2,0,2,0,2,0,198.00,0,'','2013-05-01','OK',' The Authorisation was Successful.','MC',2955,693627,0,0),(1243,1367433694,9,1367433131,'59c7b2d4ee4b5bd5b64f7c9387312f35b52be173','O','130616b','OL1243',1,0,'Mr','Nelson','Gordon','5 Chacefield Wood','','Denny','','FK6 5LY','07437012225','nelsog01@gmail.com','EDB','EDB','S',4,0,0,0,0,0,236.00,0,'','2013-05-01','','','',0,0,0,0),(1244,1367434464,8,1367434355,'3b185483b772b3871abd62345a35dd3d8985aa10','O','130616a','OL1244',1,0,'','Rob','Fv','90ens','','Dsks','','EH7','','mdiw@iuq','EDB','EDB','S',2,0,2,0,0,0,118.00,1,'','2013-05-01','','','',0,0,0,0),(1245,1367434602,9,1367434562,'544f869d04ebb268ca5e6126dc8278b2c4cd71f7','O','130616b','OL1245',1,0,'','Jfih','Jjj','90op','','Mofi','','E12','','miw@uuw','EDB','EDB','F',2,0,1,0,0,0,184.00,0,'','2013-05-01','','','',0,0,0,0),(1249,1367438439,9,1367438266,'f6f71a78209f9cdc7cb2ab4b65269064efebc9e6','O','130616b','OL1249',1,0,'Mr','Nelson','Gordon','5 Chacefield Wood','','Denny','','FK6 5LY','07437012225','nelsog01@gmail.com','EDB','EDB','S',4,0,0,0,0,0,236.00,0,'','2013-05-01','OK',' The Authorisation was Successful.','MC',8670,64134,0,0),(1254,1367441597,3,1367441488,'2efe6f85e07ecf3c3c72392cc08c70b2d47bf12e','O','130504','OL1254',1,0,'Mrs','Khjhv','Kbhhbhb','7 Rosebery','','Dalgety Bay','Fife','KY119YP','07840354774','kkjh.jjhgj@gmail.com','KDY','MLG','F',2,0,2,2,2,0,250.00,0,'','2013-05-01','','','',0,0,0,0),(1264,1367497794,4,1367497591,'1e3b9ad9ea2dbf04e00c172a16a71cbff88f4116','O','130525','OL1264',1,0,'Mr','McKeachan','John','18F Church Street','','Dunbar','East Lothian','EH42 1HA','01368 869737','john.mckeachan@btinternet.com','NBW','KYL','F',1,0,1,1,1,0,125.00,0,'','2013-05-02','OK',' The Authorisation was Successful.','UKE',6918,2231,0,0),(1268,1367503071,4,1367502933,'0c47de7b0f08bfd4b3053ca54f94edb180adab50','O','130525','OL1268',1,0,'Mr','Lamprey','Oliver','22 HARBURN DRIVE','WEST CALDER','West Calder','West Lothian','EH55 8AS','015606872324','lamprey@talktalk.net','EDB','KYL','S',2,1,0,0,3,0,212.00,0,'','2013-05-02','OK',' The Authorisation was Successful.','DELTA',2105,324995,0,0),(1269,1367504269,5,1367504151,'e3d01b493803dbcc7f16e77217d76a57fffde9c1','O','130601','OL1269',1,0,'Mrs','Simmonds','Janice','5 Lochlea Road','','Saltcoats','Ayrshire','KA21EB','07545480562','penderleanne@aol.com','KWN','MLG','S',2,0,0,0,2,0,182.00,0,'','2013-05-02','','','',0,0,0,0),(1271,1367510451,5,1367510391,'83773a443fdf47f1e4d85869c19072363afeda10','O','130601','OL1271',1,0,'Mmm','Mmmmm','Jjjjj','Mmmmmm','Mmmm','Mmmmm','Mmmmm','G42 9AJ','000000000000000','hhhhhhh@nyl djeot.vom','KWN','MLG','S',2,0,0,0,0,0,158.00,0,'','2013-05-02','','','',0,0,0,0),(1274,1367520474,9,1367520299,'33a659d7d2d1bdca5b0a4c74e2fd09f5c9de90ea','O','130616b','OL1274',1,0,'Mr','Park','Joseph','257 Grahamsdyke Street','Laurieston','Falkirk','Stirlingshire','FK2 9NB','01324 633121','joechris.park@yahoo.co.uk','EDB','EDB','S',2,0,0,0,0,0,118.00,0,'','2013-05-02','ABORT',' The Transaction was cancelled by the customer.','',0,0,0,0),(1276,1367520913,8,1367520587,'8354d1ee43412035efaf2e430c89d10748143202','O','130616a','OL1276',1,0,'Mr','Robertson','Ian','30 Park Avenue','','Edinburgh','','EH15 1JS','01316571764','morven@robertson999.fsnet.co.uk','EDB','EDB','F',2,0,2,0,0,0,184.00,1,'','2013-05-02','OK',' The Authorisation was Successful.','MC',8129,683767,0,0),(1277,1367528800,9,1367528675,'5ebbfe4018b2a062ffdee179442030baa78a3525','O','130616b','OL1277',1,0,'Mr','Polson','Andrew','Laurelwood','2A Main Street','Crossford','Fife','KY12 8NJ','01383622112','badger.ap@gmail.com','EDB','EDB','S',1,0,1,0,0,0,71.00,0,'','2013-05-02','OK',' The Authorisation was Successful.','DELTA',5217,2374,0,0),(1280,1367568246,4,1367568143,'2ea7aea74df5bb09505e3e371d013eb0273b6a3a','O','130525','OL1280',1,0,'Mr','Winter','Gordon','24/1 Roseburn Terrace','','Edinburgh','','EH12 6AW','07914720361','gbwinter@hotmail.com','EDB','KYL','S',2,0,2,0,2,0,168.00,0,'','2013-05-03','OK',' The Authorisation was Successful.','VISA',251,11551,0,0),(1289,1367589714,8,1367589571,'e391c83b1141837f5ff0d7e136beb0856ca1660e','O','130616a','OL1289',1,0,'Mr','Colville','Callum','24/33 Slateford Gait','','Edinburgh','Scotland','EH11 1GU','07707610000','vwkombi@sky.com','EDB','EDB','S',2,0,0,0,0,0,98.00,0,'','2013-05-03','REJECTED','The number of authorisation attempts exceeds the limit.','',0,0,0,0),(1290,1367590060,8,1367589998,'181953b054447c5215172e501c56e479843e6196','O','130616a','OL1290',1,0,'Mr','Colville','Callum','24/33 Slateford Gait','','Edinburgh','Scotland','EH11 1GU','07707610000','vwkombi@sky.com','EDB','EDB','S',2,0,0,0,0,0,98.00,0,'','2013-05-03','OK',' The Authorisation was Successful.','DELTA',2069,3112,0,0),(1291,1367591102,4,1367591002,'316829b689fb009b623d0ef8cb10b0275bf30966','O','130525','OL1291',1,0,'Mrs','Preston','Linda','85Meadowfield','Dalgety Bay','Dunfermline','Fife','KY11 9UU','01383823397','lin85prest@aol.com','DAG','KYL','F',2,0,2,0,2,0,230.00,0,'','2013-05-03','','','',0,0,0,0),(1292,1367595476,5,1367595198,'6a2a94e163e5e155b7bb846ecfd4831463c85de1','O','130601','OL1292',1,0,'Mr','Oliver','David','1/2 35 Ferguslie Walk','','Paisley','','PA1 2RQ','07519 573925','david.oliver68@btinternet.com','PYG','MLG','S',1,0,0,0,0,0,79.00,0,'','2013-05-03','OK',' The Authorisation was Successful.','VISA',6003,42226,0,0),(1293,1367596496,7,1367596169,'cd147377007f2c95955a8d055f52ece096f54d76','O','130608','OL1293',1,0,'Mr','Deacon','William','7','Lawrence  Street','Buckhaven','Fife','KY8 1BQ','01592581437','sandradeacon@blueyonder.co.uk','KDY','INV','S',2,0,0,2,0,0,152.00,0,'','2013-05-03','OK',' The Authorisation was Successful.','DELTA',1742,3235,0,0),(1302,1367656979,5,1367656844,'b198d65eda5864cf41183eafde7d385e8cca5499','O','130601','OL1302',1,0,'Mrs','McKerrigan','Isobel','10 Whins Rd','','TROON','Ayrshire','KA106UE','07801023398','isobel.mckerrigan@gmail.com','TRN','MLG','S',2,0,2,0,2,0,198.00,0,'','2013-05-04','OK',' The Authorisation was Successful.','DELTA',7240,263126,0,0),(1303,1367661360,4,1367661166,'585909f21f98f9ad20de218a4840ffb1fc11e96d','O','130525','OL1303',1,0,'Mr','Dunn','John','21 Lade Braes','Dalgety Bay','Dunfermline','Fife','KY119SS','01383821042','john.thebay@btinternet.com','DAG','KYL','S',2,0,0,0,2,0,152.00,0,'','2013-05-04','OK',' The Authorisation was Successful.','DELTA',2817,7124,0,0),(1307,1367681476,9,1367681185,'a00ebe7e6fa120fd037553b35ccf5aaa7b0fab47','O','130616b','OL1307',1,0,'Mr','Macdonald','Owen','2 Ferniehill Way','','Edinburgh','','EH17 7BP','07920 556311','owen_macdonald@yahoo.co.uk','EDB','EDB','S',2,0,0,0,0,0,118.00,0,'','2013-05-04','OK',' The Authorisation was Successful.','DELTA',1228,7018,0,0),(1312,1367701003,9,1367700620,'2a9a02e3aabca760bb9bde81eba77b0f19424033','O','130616b','OL1312',1,0,'Mrs','Crawford','Linda','4 Robert Dick Court','','Tullibody','Clackmannanshire','FK10 2BP','01259 218290','crawford315@btinternet.com','EDB','EDB','F',2,0,0,0,0,0,172.00,0,'','2013-05-04','OK',' The Authorisation was Successful.','MC',1426,634341,0,0),(1319,1367709760,9,1367709464,'35fd705b217c85a27b9b9deb36a6a21b4324e7fb','O','130616b','OL1319',1,0,'Mrs','Neill','Elizabeth','6 Grange Place','Redding','Falkirk','Stirlingshire','FK2 9UP','01324 711306','lizneill50@hotmail.co.uk','EDB','EDB','F',2,0,2,0,0,0,196.00,0,'','2013-05-05','','','',0,0,0,0),(1324,1367736288,4,1367736057,'144230d3e557003fc2a1799e63bdf79222bd73df','O','130525','OL1324',1,0,'Mrs','George','Rachel','11 Glamis Gardens','Dalgety Bay','Dunfermline','Fife','KY11 9TD','07749 925169','rachelageorge@yahoo.co.uk','DAG','KYL','S',1,1,2,0,2,0,152.00,0,'','2013-05-05','OK',' The Authorisation was Successful.','DELTA',1974,7716,0,0),(1326,1367745043,9,1367744950,'5c35d4a3721338b51558f6f4a2061ea95b017100','O','130616b','OL1326',1,0,'Mr','Black','Jamie','2-2 29 Cardwell Road','','Gourock','Renfrewshire','PA19 1UW','07956904597','jamiehblack@googlemail.com','EDB','EDB','S',4,0,0,0,0,0,236.00,0,'','2013-05-05','OK',' The Authorisation was Successful.','VISA',9005,17434,0,0),(1328,1367746514,9,1367746365,'5183daac46cb3f821d3fe6c40392d7a4e13b8400','O','130616b','OL1328',1,0,'Mr','Henderson','Norman','Hillhouse','Foulford Rd','Cowdenbeath','Fife','KY4 9AS','01383 510188','n.henderson3@btinternet.com','EDB','EDB','S',2,0,2,0,0,0,142.00,0,'','2013-05-05','OK',' The Authorisation was Successful.','DELTA',7665,86357,0,0),(1331,1367754099,4,1367754025,'30d43a35bc8ac5b810be720cdab29bb0a4f9f403','O','130525','OL1331',1,0,'Mrs','Preston','Linda','85Meadowfield','Dalgety Bay','Dunfermline','Fife','KY11 9UU','01383823397','lin85prest@aol.com','DAG','KYL','F',2,0,2,0,2,0,230.00,0,'','2013-05-05','OK',' The Authorisation was Successful.','VISA',5003,44537,0,0),(1332,1367760500,9,1367760393,'381ecf372af315a5788c3cf58aa2afde652fdc35','O','130616b','OL1332',1,0,'Mr','Taylor','Alan','8 The Beeches','Dalgety Bay','Dunfermline','Fife','KY11 9SN','01383 823902','athtaylor@btinternet.com','EDB','EDB','F',2,0,0,0,0,0,172.00,0,'','2013-05-05','OK',' The Authorisation was Successful.','DELTA',5780,679157,0,0),(1333,1367764194,9,1367764057,'10196e55460229c8a12e38d9a65d9b3070e4e767','O','130616b','OL1333',1,0,'Mrs','Ingram','Moira','34 Thurston','Hillington','Glasgow','','G52 2EG','01418822153','allisoningram@sky.com','EDB','EDB','S',2,0,2,0,0,0,142.00,0,'','2013-05-05','OK',' The Authorisation was Successful.','DELTA',3997,134975,0,0),(1341,1367834940,5,1367834750,'78ae237626e5d35c3a72c5ff2393e0e4f3b16b08','O','130601','OL1341',1,0,'Mrs','ALLEN','IRIS','11 ESSEX COURT','ESSEX STREET','CARRICKFERGUS','Antrim','BT38 7UQ','02893367620','iris@iris23.wanadoo.co.ulk','TRN','MLG','S',1,0,1,1,1,0,109.00,0,'','2013-05-06','OK',' The Authorisation was Successful.','VISA',3657,42333,0,0),(1344,1367842938,5,1367842537,'542250140c9ffff981a8913abdc660f3c9e70d03','O','130601','OL1344',1,0,'MS','Wallace','Isabel','3 Berelands Road','','Prestwick','South Ayrshire','KA9 2JP','01292470649','isabelwallace@hotmail.co.uk','PTW','MLG','S',1,0,0,0,0,0,79.00,0,'','2013-05-06','OK',' The Authorisation was Successful.','VISA',7573,674388,0,1),(1352,1367858215,9,1367858099,'5a4e69ef59cc4e11e6d1f971de9a51379c177044','O','130616b','OL1352',1,0,'Mr','Shaw','Keven','19/3 Union Street','','HAMILTON','Lanarkshire','ML3 6PA','07843090060','railway@keven.me','EDB','EDB','S',2,0,2,0,0,0,142.00,0,'','2013-05-06','','','',0,0,0,0),(1354,1367869947,5,1367869827,'510040cd4bbd5a082535c56ea6de408981fb1232','O','130601','OL1354',1,0,'Mr','McLaren','Allan','Rosemount 8a','Trynlaw Gardens','Cuparmuir','Fife','KY155QS','01334 652451','amclaren@hotmail.co.uk','EXG','MLG','S',4,0,4,0,4,0,396.00,0,'','2013-05-06','OK',' The Authorisation was Successful.','DELTA',2939,7145,0,1),(1355,1367877151,9,1367876927,'9c03846e142c9af1ef6daf9b133fe77ba173674a','O','130616b','OL1355',1,0,'Mr','Shaw','Keven','19/3 Union Street','','HAMILTON','Lanarkshire','ML3 6PA','07843090060','railway@keven.me','EDB','EDB','S',2,0,2,0,0,0,142.00,0,'','2013-05-06','OK',' The Authorisation was Successful.','MC',2708,4295,0,1),(1361,1367955123,9,1367953520,'0149118d005525c8f89eeb5875863f6195acc61c','O','130616b','OL1361',1,0,'Mrs','West','Susan','45 Kirk Park','','Dunbar','East Lothian','EH42 1BJ','01368 860054','susanwestdunbar@btinternet.com','EDB','EDB','F',4,0,0,0,0,0,344.00,0,'','2013-05-07','','','',0,0,0,0),(1365,1367955227,9,1367955160,'a2b6cb4077016b3cff86f833be8b2d5aa39e1796','O','130616b','OL1365',1,0,'Mrs','West','Susan','45 Kirk Park','','Dunbar','East Lothian','EH42 1BJ','01368 860054','susanwestdunbar@btinternet.com','EDB','EDB','F',4,0,0,0,0,0,344.00,0,'','2013-05-07','OK',' The Authorisation was Successful.','MC',9136,0,0,1),(1368,1367956934,9,1367956830,'499165e8543cae935936d12aa022cb007b2e723b','O','130616b','OL1368',1,0,'Mr','Maclean','Norman','3/2 381 Tantallon Road','','Glasgow','','G41 3HJ','0141 649 4869','normanhmaclean@msn.com','EDB','EDB','F',2,0,2,0,0,0,196.00,0,'','2013-05-07','OK',' The Authorisation was Successful.','MC',6401,651019,0,1),(1369,1367960755,5,1367960628,'4b355d03b557671fa9b42cf4e9078fd7c8fbda76','O','130601','OL1369',1,0,'Mr','Cairns','Christopher','2 Laurel Court','Cambuslang','Glasgow','South Lanarkshire','G72 7BD','01416413071','chris_cairns@btinternet.com','EXG','MLG','S',1,0,0,0,1,0,91.00,0,'','2013-05-07','OK',' The Authorisation was Successful.','DELTA',8011,720168,0,1),(1370,1367961141,8,1367961004,'fba79d0b9cc4a1743d53d9f0aef3299fbbf72223','O','130616a','OL1370',1,0,'Dr','Horton','Patrick','Mollan','Thornhill','Stirling','Stirlingshire','FK8 3QJ','01786 850564','patrick.horton10@btinternet.com','EDB','EDB','S',1,0,1,0,0,0,59.00,0,'','2013-05-07','OK',' The Authorisation was Successful.','DELTA',8515,104067,0,1),(1371,1367961710,9,1367961631,'0ab555a8ada396b0db05d0856f050f51c731f0ec','O','130616b','OL1371',1,0,'Mr','Cairns','Christopher','2 Laurel Court','Cambuslang','Glasgow','South Lanarkshire','G72 7BD','01416413071','chris_cairns@btinternet.com','EDB','EDB','S',1,0,1,0,0,0,71.00,0,'','2013-05-07','OK',' The Authorisation was Successful.','DELTA',8011,479146,0,1),(1372,1367995242,9,1367995176,'439c7795efe99774e27ee596fc6badb62480e68c','O','130616b','OL1372',1,0,'Mrs','Laurence','Theresa','34 Manse Road','Crossgates','Cowdenbeath','Fife','KY48DB','01383511334','theresa.laurence@hotmail.co.uk','EDB','EDB','F',2,0,2,0,0,0,196.00,0,'','2013-05-08','OK',' The Authorisation was Successful.','DELTA',5486,8823,0,1),(1373,1367997226,9,1367997094,'09a88f795fe560f7610943f44c51b349899f8edb','O','130616b','OL1373',1,0,'Mr','Littwin','Jan','7a Nicol Street','','Kirkcaldy','Fife','KY1 1NY','07980 864885','littwin@blueyonder.co.uk','EDB','EDB','S',4,0,0,0,0,0,236.00,0,'','2013-05-08','OK',' The Authorisation was Successful.','DELTA',7806,524504,0,1),(1392,1368034770,4,1368034654,'e6b6870c8e85d5a9b3d0f64cc84293cdd9e457bb','O','130525','OL1392',1,0,'Mrs','Hastie','Barbara','4 Castle Terrace','','Selkirk','Scottish Borders','TD74AL','07970550872','bruce@bhastie.orangehome.co.uk','EDB','KYL','S',2,0,2,0,2,0,168.00,0,'','2013-05-08','OK',' The Authorisation was Successful.','MC',216,0,0,1),(1403,1368111992,8,1368111848,'dd4d261b5dc0118d381420b7f43dff0261181f41','O','130616a','OL1403',1,0,'Mr','Powell','Steve','1 Rowden Farm Barns','Rowden Lane','Ledburn','Bucks','LU70QD','01525838530','steve_powell@tiscali.co.uk','EDB','EDB','F',2,0,2,0,0,0,184.00,1,'','2013-05-09','OK',' The Authorisation was Successful.','MC',3161,0,0,1),(1405,1368112271,9,1368112177,'bec5c4c6d716254add272923cc44c20da9aed044','O','130616b','OL1405',1,0,'Mr','Powell','Steve','1 Rowden Farm Barns','Rowden Lane','Ledburn','Bucks','LU70QD','01525838530','steve_powell@tiscali.co.uk','EDB','EDB','F',2,0,2,0,0,0,196.00,0,'','2013-05-09','OK',' The Authorisation was Successful.','MC',3161,0,0,1),(1411,1368119244,9,1368119062,'0b38990d953fad268e59a1056fd4e0bc4d777e77','O','130616b','OL1411',1,0,'Mr','Arnot','Andrew','18 Glenalla Crescent','Alloway','Ayr','Ayrshire','KA7 4DA','01292 443652','andrewarnot@hotmail.com','EDB','EDB','F',1,0,1,0,0,0,108.00,1,'','2013-05-09','OK',' The Authorisation was Successful.','DELTA',1414,9870,0,1),(1419,1368166762,9,1368166195,'55cfaf4da975db65d4f5040bb7150ed69b1fa060','O','130616b','OL1419',1,0,'Mr','Turnbull','Paul','Hawthorns','Branxton','Cornhill-on-Tweed','Northumberland','TD12 4SL','07785 540 686','paul@wbturnbull.co.uk','EDB','EDB','S',2,2,2,0,0,0,228.00,0,'','2013-05-10','OK',' The Authorisation was Successful.','MC',6866,623188,0,1),(1425,1368170628,9,1368170574,'89c92641232d6e59fd53dee7b6887c0c3fc1113a','O','130616b','OL1425',1,0,'Mrs','Emerson','Doreen','9 Petershill Gardens','','Bathgate','West Lothian','EH48 4DS','01506 446229','doreenemerson@btinternet.com','EDB','EDB','F',2,0,2,0,0,0,196.00,0,'','2013-05-10','OK',' The Authorisation was Successful.','MC',8012,26377,0,1),(1427,1368175246,4,1368175094,'698f336b62e0137a5593007d2168619fc989a1fd','O','130525','OL1427',1,0,'Mrs','Westgarth','Karen','14 Pentland Rise','Dalgety Bay','Dunfermline','Fife','KY11 9L','01383 824045','mkwestgarth@gmail.com','DAG','KYL','S',2,0,0,0,2,0,152.00,0,'','2013-05-10','OK',' The Authorisation was Successful.','MC',3183,633235,0,1),(1434,1368193197,9,1368193036,'1382c60ca3e30670460dbc89fbf330507c47e130','O','130616b','OL1434',1,0,'Mr','Wilden','Mervyn','6','Polton Road West','Lasswade','Midlothian','EH181BZ','01316632412','me.wilden@btinternet.com','EDB','EDB','S',2,0,0,0,0,0,118.00,0,'','2013-05-10','OK',' The Authorisation was Successful.','DELTA',3307,881112,0,1),(1438,1368213173,8,1368213018,'c38b20a90f35f5a9acf9e9b7f63f172d57ff6009','O','130616a','OL1438',1,0,'Mr','Allen','Peter','1 Carnbee Park','','Edimburgh','Midlothian','EH16 6GE','07549686108','peter-allen@hotmail.co.uk','EDB','EDB','F',3,0,0,0,0,0,216.00,0,'','2013-05-10','OK',' The Authorisation was Successful.','MC',9944,59319,0,1),(1440,1368215919,9,1368215804,'40db84cffeab42ecc74d051620f6227e28030cac','O','130616b','OL1440',1,0,'','F','G','J','Jf','F','','GY','','g','EDB','EDB','F',2,0,2,0,0,0,196.00,0,'','2013-05-10','','','',0,0,0,0),(1446,1368281872,7,1368281800,'9d75aa2bc707ac03083a40d2f8d0f1137faffad1','O','130608','OL1446',1,0,'MR','Thorpe','Jake','1A West Port','','Dunbar','East Lothian','EH42 1BT','0987654567','sdfghjj@aol.co.uk','DUN','INV','S',1,0,0,0,0,0,64.00,0,'','2013-05-11','','','',0,0,0,0),(1448,1368285499,9,1368285397,'7b9ec2a5edf6046470af5d7c191a565312961294','O','130616b','OL1448',1,0,'Mr','Smythe','Laurence','1/8 Sinclair Close','','Edinburgh','','EH11 1US','07500867768','auds24@googlemail.com','EDB','EDB','F',4,0,4,0,0,0,392.00,0,'','2013-05-11','OK',' The Authorisation was Successful.','DELTA',2317,13766,0,1),(1451,1368291377,9,1368291250,'2c0c08b4ccdf7eb357d625c5f7510624bebdbb15','O','130616b','OL1451',1,0,'Miss','Grieve','Sarah','27 Hendrie Crescent','East Wemyss','Kirkcaldy','Fife','KY1 4LF','01592560846','sospiro@blueyonder.co.uk','EDB','EDB','S',1,0,0,0,0,0,59.00,0,'','2013-05-11','OK',' The Authorisation was Successful.','DELTA',5987,630549,0,1),(1453,1368298390,9,1368298271,'f81c21d7bcd9d26832a5d169d4cc16137534f8b2','O','130616b','OL1453',1,0,'MR','LAMB','DAVID','36 LIBERTON DRIVE','','EDINBURGH','MIDLOTHIAN','EH16 6NN','01316643059','david@dlamb.co.uk','EDB','EDB','F',2,0,2,0,0,0,196.00,0,'','2013-05-11','OK',' The Authorisation was Successful.','MC',4859,902660,0,1),(1458,1368351405,4,1368351295,'ad76e2665301e3aa5c3633b05b5241acc4ba2ee6','O','130525','OL1458',1,0,'Mrs','Jenner','Hayley','185 The Moorings','Dalgety Bay','Dunfermline','Fife','KY11 9GX','07960636247','hayleyjenner@gmail.com','DAG','KYL','S',2,0,2,0,0,0,144.00,0,'','2013-05-12','OK',' The Authorisation was Successful.','MC',7271,3228,0,1),(1464,1368375082,7,1368374929,'2bdadf26cd16a7e51203cf8b7ced1bba901ecbd9','O','130608','OL1464',1,0,'Mr','Campbell','Colin','23A Craigdimas Grove','Dalgety Bay','Dunfermline','Fife','KY11 9XR','07909 338251','colin_g_campbell@talktalk.net','KDY','INV','F',2,0,2,2,0,0,218.00,0,'','2013-05-12','OK',' The Authorisation was Successful.','MC',2193,640936,0,1),(1467,1368378235,9,1368377369,'7e66573ddcea43100c7a9f601716f4d43d9d5aeb','O','130616b','OL1467',1,0,'Mr','Mclean','Scott','27 Old Brewery Lane','','Alloa','Clackmannanshire','FK10 3GL','07528470471','scottmclean29@hotmail.com','EDB','EDB','S',2,0,0,0,0,0,118.00,0,'','2013-05-12','OK',' The Authorisation was Successful.','MC',6022,97985,0,1),(1472,1368389000,6,1368388914,'d907f2011b410590b2c74cb7cd1e7c3cd9d5568b','O','130601a','OL1472',1,0,'W','W','W','W','W','W','W','W','000000000','123@46','WES','FTW','F',2,0,0,0,0,0,158.00,0,'','2013-05-12','','','',0,0,0,0),(1477,1368398073,4,1368397956,'f22ab17621526509fa452323585bc57a88cf1bc1','O','130525','OL1477',1,0,'Mr','Barbour','James','7 Lorne Square','','North Berwick','East Lothian','EH394HU','01620890326','j.barbour30@gmail.com','NBW','KYL','F',2,0,2,2,2,0,250.00,0,'','2013-05-12','','','',0,0,0,0),(1486,1368435603,8,1368435249,'589f735809ebad8cfc585c96fe8e4f33ef078117','O','130616a','OL1486',1,0,'Mr','Carr','David','366 Dewsbury Road','','Wakefield','West Yorkshire','WF2 9DS','01924 376350','dcarr366@tiscali.co.uk','EDB','EDB','F',1,0,1,0,0,0,92.00,1,'','2013-05-13','OK',' The Authorisation was Successful.','DELTA',6326,705011,0,1),(1491,1368448344,4,1368448204,'c995818f4ce983ee68e8c163cef1263b063ad06c','O','130525','OL1491',1,0,'Mr','Morrell','Martin','4 Muirside Avenue','Kirkintilloch','Glasgow','East Dunbartonshire','G66 3PR','07913093096','martin@calummorrell.com','NBW','KYL','S',1,0,0,0,0,0,64.00,0,'','2013-05-13','OK',' The Authorisation was Successful.','MC',7007,34348,0,1),(1492,1368448740,7,1368448656,'970622a57d4864ed6a2f2486c7749f0ab6141e3d','O','130608','OL1492',1,0,'Mr','Morrell','Martin','4 Muirside Avenue','Kirkintilloch','Glasgow','East Dunbartonshire','G66 3PR','07913093096','martin@calummorrell.com','DRM','INV','S',1,0,0,0,0,0,64.00,0,'','2013-05-13','OK',' The Authorisation was Successful.','MC',7007,40337,0,1),(1493,1368455155,4,1368455096,'5e70e87ed6a8c94f0f0a6d26dbd9f14edaad7f23','O','130525','OL1493',1,0,'Mr','Barbour','James','7 Lorne Square','','North Berwick','East Lothian','EH394HU','01620890326','j.barbour30@gmail.com','NBW','KYL','F',2,0,2,2,2,0,250.00,0,'','2013-05-13','OK',' The Authorisation was Successful.','DELTA',1515,13165,0,1),(1499,1368477603,9,1368477472,'e1d0d65f9a01c2d53b1ba60d13fd17cff62c5c18','O','130616b','OL1499',1,0,'Mr','Roberts','Colin','7 Cortleferry Terrace','Eskbank','Dalkeith','Midlothian','EH223HY','01316634240','colin.roberts@our717.plus.com','EDB','EDB','S',2,0,2,0,0,0,142.00,0,'','2013-05-13','OK',' The Authorisation was Successful.','MC',4005,44529,0,1),(1504,1368546821,9,1368546712,'721577498f23e254961bdfc847b7dafe1c603424','O','130616b','OL1504',1,0,'Mr','Herbison','John','25 Cramond Park','','Edinburgh','','EH4 6PX','01313364263','herbedin@yahoo.com','EDB','EDB','S',1,0,0,0,0,0,59.00,0,'','2013-05-14','ABORT',' The Transaction was cancelled by the customer.','',0,0,0,1),(1506,1368562882,9,1368562786,'3bdb912788a19b79e78e54cb6d10aa67bf44bd61','O','130616b','OL1506',1,0,'Miss','Hindley','Lisa','Far End','Old Haslemere Road','Haslemere','Surrey','GU27 2NN','07766 236798','lisahindley@gmail.com','EDB','EDB','S',2,0,0,0,0,0,118.00,0,'','2013-05-14','OK',' The Authorisation was Successful.','MC',8766,96557,0,1),(1513,1368611508,9,1368611263,'9be52e4ba4a65068b292efcfb6b49d24db7ba23c','O','130616b','OL1513',1,0,'Mr','Morrison','Ewan','05 Orchard Place','Thornton','Kirkcaldy','Fife','KY1 4AJ','07732695311','satanslovechild1982@yahoo.com','EDB','EDB','S',1,1,0,0,0,0,102.00,0,'','2013-05-15','OK',' The Authorisation was Successful.','UKE',7116,15513,0,1),(1517,1368636655,4,1368636346,'c8f4eca61b61b2e03b4335fd8739f67bf4cd989b','O','130525','OL1517',1,0,'Mrs','Quinn','Pauline','42','Granby Avenue','Livingston','UK','EH54 6LB','01506444784','pandersonquinn@gmail.com','DAM','KYL','F',2,0,2,0,0,0,206.00,0,'','2013-05-15','OK',' The Authorisation was Successful.','VISA',8970,11580,0,1),(1518,1368638258,9,1368637825,'e8b6518c50c13b19b63d59e2bf8e42a82dec4a2f','O','130616b','OL1518',1,0,'Mr','Mackenzie','Neil','228 King Street','','Aberdeen','','AB24 5BW','07792314891','ncm200@hotmail.com','EDB','EDB','S',1,0,1,0,0,0,71.00,0,'','2013-05-15','ABORT',' The Transaction was cancelled by the customer.','',0,0,0,1),(1523,1368702526,9,1368702430,'45c745602a76080dd2496e3167056a69b06c6a1b','O','130616b','OL1523',1,0,'Mr','Bennett','Dave','4 Aqua Place','','Rugby','Warwickshire','CV21 1BY','07949852224','dave0859@gmail.com','EDB','EDB','S',2,0,0,0,0,0,118.00,0,'','2013-05-16','ABORT',' The Transaction was cancelled by the customer.','',0,0,0,1),(1529,1368741291,9,1368741104,'a104d27c13043a4e49d1f2ac0cbb35a8e17263aa','O','130616b','OL1529',1,0,'Mr','Jeffrey','Mike','Calder Cottage','','Newtonmore','Inverness-shire','PH20 1BP','01540 673167','mikejeffreyuk@yahoo.co.uk','EDB','EDB','S',3,0,3,0,0,0,213.00,0,'','2013-05-16','OK',' The Authorisation was Successful.','DELTA',9108,278727,0,1),(1535,1368807215,7,1368806997,'e72f5e7f3b73d57bea2663e9bdb6bf3a73c94b64','O','130608','OL1535',1,0,'Miss','Shepherd','Rachel','236 Wakefield Rd','','Ossett','West Yorkshire','WF5 9AB','01924 267089','rjtaylor1978@sky.com','BWK','INV','S',2,0,2,0,0,0,144.00,0,'','2013-05-17','OK',' The Authorisation was Successful.','MC',2190,791130,0,1),(1538,1368816822,4,1368816645,'f9a52414e5c43f225642556cd5653719f0773703','O','130525','OL1538',1,0,'Mr','LESLIE','JASON','26 WESTFIELD DRIVE','','FORFAR','ANGUS','DD8 1EQ','07903941041','kiltedkiwi@aol.com','PTH','KYL','F',2,0,2,2,2,0,250.00,0,'','2013-05-17','OK',' The Authorisation was Successful.','DELTA',530,17877,0,1),(1543,1368823598,4,1368823388,'c3a3bb7645337ab6648f56086d3d07b473cb91e6','O','130525','OL1543',1,0,'Mrs','May','Ann','5 Donibristle Gardens','Dalgety Bay','Fife','Scotland','KY11 9NQ','01383 825317','annjimmay@hotmail.co.uk','DAG','KYL','F',2,0,2,2,2,0,250.00,0,'','2013-05-17','OK',' The Authorisation was Successful.','MC',2278,6343,0,1),(1555,1368875671,7,1368875433,'2547564740ab7d1137be2664db49901bb3c00ff9','O','130608','OL1555',1,0,'Mr','Grey','Billy','25 B Strathclyde Rd','','Dumbarton','West Dunbartonshire','G82 2AZ','07847266987','billygrey@blueyonder.co.uk','EDB','INV','F',2,0,2,2,0,0,218.00,0,'','2013-05-18','OK',' The Authorisation was Successful.','DELTA',3271,20632,0,1),(1557,1368881568,6,1368881529,'a38036823dc48477777833dba7d8901a7e351fed','O','130601a','OL1557',1,0,'Ppp','P','P','P','P','P','P','P','p','p','KWN','FTW','F',2,0,1,0,1,0,178.00,0,'','2013-05-18','','','',0,0,0,0),(1577,1368947949,4,1368947687,'98c32abff9290849f0a80501d23c5595064f58ec','O','130525','OL1577',1,0,'Mr','Reid','William','11 Glenfield Gardens','','Cowdenbeath','Fife','KY4 9ET','01383 515761','sandrareid25@hotmail.co.uk','DAG','KYL','S',2,0,0,0,0,0,128.00,0,'','2013-05-19','','','',0,0,0,0),(1583,1368967839,4,1368967406,'e1b4728a93b6db1fa46eb8c2027e68feabdefb70','O','130525','OL1583',1,0,'Mr','Macdiarmid','Malcolm','The Cairns','Woodhead','Guildtown','Perth','PH2 6DW','07768315712','mpmacdiarmid@aol.com','PTH','KYL','S',1,0,0,0,0,0,64.00,0,'','2013-05-19','OK',' The Authorisation was Successful.','DELTA',515,640748,0,1),(1589,1368977184,9,1368977068,'03e29cbdab10ceb7fae84f689ed8c224acd6b715','O','130616b','OL1589',1,0,'Mrs','Purdon','Fiona','33 Commercial Street','','Markinch','Fife','KY7 6DE','447849508012','grandmafi@btinternet.com','EDB','EDB','S',2,0,2,0,0,0,142.00,0,'','2013-05-19','','','',0,0,0,0),(1596,1368988874,9,1368988746,'826776c5b703d620b8ebed3f5f799ce61a82488b','O','130616b','OL1596',1,0,'Mr','Deuchars','Christopher','84 CARSE KNOWE','','LINLITHGOW','West Lothian','EH49 7LG','07909092324','c.deuchars@gmail.com','EDB','EDB','S',2,0,0,0,0,0,118.00,0,'','2013-05-19','OK',' The Authorisation was Successful.','DELTA',607,75382,0,1),(1599,1368995349,4,1368995240,'c35b54a5eefd4667d22fabdf2c037ee0a4bd3cdd','O','130525','OL1599',1,0,'Mr','Buchanan','Alistair','1 Curriehill Castle Drive','Balerno','Edinburgh','','EH14 5TA','0131 449 3943','alistair.buchanan@virgin.net','EDB','KYL','F',2,0,2,0,2,0,230.00,0,'','2013-05-19','OK',' The Authorisation was Successful.','DELTA',2259,20240,0,1),(1609,1369042125,9,1369041969,'3411e72b584aa442e083ca4713951d649e01e71b','O','130616b','OL1609',1,0,'Mrs','Leitch','Shona','17 Chandlers Walk','','Dalgety Bay','Fife','KY11 9FH','01383 825209','shona.leitch@hotmail.co.uk','EDB','EDB','S',3,0,3,0,0,0,213.00,0,'','2013-05-20','OK',' The Authorisation was Successful.','MC',2510,10100,0,1),(1615,1369044129,9,1369044004,'ff4f268fb8b451e684630f3d30919f5a8874fb78','O','130616b','OL1615',1,0,'Mrs','Ferrie','Isabella','Stratford','Crosshill Street','Airdrie','Lanarkshire','ML6 9DA','01236607631','isabellaferrie@blueyonder.co.uk','EDB','EDB','S',2,0,2,0,0,0,142.00,0,'','2013-05-20','OK',' The Authorisation was Successful.','DELTA',2511,20484,0,1),(1618,1369048192,8,1369047999,'0db915b18ce37264845924f3f293c4f0ff90b0c9','O','130616a','OL1618',1,0,'Mr','Nosal','Eddie','9 Chandlers Rise','Dalgety Bay','Dunfermline','Fife','KY119FL','01383 825325','ljn1607@hotmail.co.uk','EDB','EDB','S',2,0,0,0,0,0,98.00,0,'','2013-05-20','OK',' The Authorisation was Successful.','MC',4998,28513,0,1),(1630,1369122885,7,1369122771,'c9b9a33ec5c3b9cffc86830c0db5d74789230dc5','O','130608','OL1630',1,0,'Mrs','Bishop','Agnes','63 Ardross Place','','Glenrothes','Fife','KY6 2SQ','01592 654555','agnes@penmanplant.co.uk','KDY','INV','F',2,0,2,2,0,0,218.00,0,'','2013-05-21','','','',0,0,0,0),(1632,1369127724,7,1369127656,'caa7325b1a51641eb8c2c129b057a4c1e8724d99','O','130608','OL1632',1,0,'Mrs','Bishop','Agnes','63 Ardross Place','','Glenrothes','Fife','KY6 2SQ','01592 771482','agnes@penmanplant.co.uk','KDY','INV','F',2,0,2,2,0,0,218.00,0,'','2013-05-21','OK',' The Authorisation was Successful.','MC',197,0,0,1),(1638,1369167038,9,1369166923,'aac967cedc47b00d98c6b9251ce74e8d5e3fdf14','O','130616b','OL1638',1,0,'Mr','Murray','Edward','52 Bittern Court','','Dunfermline','Fife','KY118HF','07835969314','edward.murray.05@aberdeen.ac.uk','EDB','EDB','S',2,0,0,0,0,0,118.00,0,'','2013-05-21','OK',' The Authorisation was Successful.','MC',1901,564390,0,1),(1647,1369204822,9,1369204692,'8a7f7b84f764d93f66ab3a8d15cdbb7cf297724c','O','130616b','OL1647',1,0,'MR','FLETT','CAMPBELL','86 BADER COURT','','BLYTH','NORTHUMBERLAND','NE24 3EY','01670368265','parrsie@hotmail.com','EDB','EDB','S',1,0,1,0,0,0,71.00,0,'','2013-05-22','OK',' The Authorisation was Successful.','DELTA',9129,869449,0,1),(1656,1369215959,9,1369215801,'5900da4020fc2dcf7eec1c82a0c0a9ce14354bdf','O','130616b','OL1656',1,0,'Mr','Young','Bill','3, Airthrey Avenue','Bridge Of Allan','Stirling','','FK9 4QX','01786833154','f.w.young@gcu.ac.uk','EDB','EDB','S',1,0,0,0,0,0,59.00,0,'','2013-05-22','ABORT',' The Transaction was cancelled by the customer.','',0,0,0,1),(1657,1369222518,9,1369222407,'dd23cdbff07553e1fd0b311defe0124e404cb9f4','O','130616b','OL1657',1,0,'Mr','Willey','David','4C North Harbour Street','','Ayr','South Ayrshire','KA8 8AB','01292 260889','davidrwilley@hotmail.com','EDB','EDB','S',2,0,2,0,0,0,142.00,0,'','2013-05-22','OK',' The Authorisation was Successful.','DELTA',8191,570051,0,1),(1662,1369245225,8,1369244904,'2b13e91decc7e751f1bd42d847159c4e964378c4','O','130616a','OL1662',1,0,'Mr','Watson','Ian','51,castle View','','Amble','Northumberland','NE650NN','01665 711036','ian.watson24@mypostoffice.co.uk','EDB','EDB','F',2,0,0,0,0,0,164.00,1,'','2013-05-22','OK',' The Authorisation was Successful.','DELTA',9844,22267,0,1),(1664,1369249846,4,1369249626,'352b1a777d0554b4a7d36fa3c381620674b921a9','O','130525','OL1664',1,0,'Mr','McLaren','William','Blairgorts','Buchlyvie','Stirling','Stirling','FK8 3NR','07733112480','blairgortsniven@aol.com','DAM','KYL','F',1,0,1,1,1,0,125.00,0,'','2013-05-22','OK',' The Authorisation was Successful.','MC',1958,183160,0,1),(1667,1369264964,9,1369264792,'0f3f9904c3761674d5205f535b68543b138ac0e9','O','130616b','OL1667',1,0,'Mr','Judge','Colin','159','Claremont','Alloa','Clacks','FK10 2ER','01259219709','valjudge@talktalk.net','EDB','EDB','S',3,0,3,0,0,0,213.00,0,'','2013-05-23','OK',' The Authorisation was Successful.','MC',2943,690014,0,1),(1668,1369292344,9,1369292247,'a7a0117fdcb1c3574dafb905d47069ca7b66777a','O','130616b','OL1668',1,0,'Mr','Bennett','Dave','4 Aqua Place','','Rugby','Warwickshire','CV21 1BY','07949852224','dave0859@gmail.com','EDB','EDB','S',2,0,0,0,0,0,118.00,0,'','2013-05-23','OK',' The Authorisation was Successful.','DELTA',4526,237438,0,1),(1672,1369313764,4,1369313679,'39cdd4a68f72a3675805888250dd3ed71d90fbeb','O','130525','OL1672',1,0,'Mr','Earwaker','David','42 Cotswold Close','','Basingstoke','Hants','RG225BA','07971 833439','davidearwaker@aol.com','DAM','KYL','S',1,0,0,0,0,0,64.00,0,'','2013-05-23','OK',' The Authorisation was Successful.','DELTA',982,23058,0,1),(1674,1369319799,7,1369319667,'5c314dd9586674d2ae7a862711e8c774e874fc9c','O','130608','OL1674',1,0,'Mr','Thorpe','Jake','78 High Street','','Dunbar','East Lothian','EH42 1JH','01368 864380','moggymania44@hotmail.co.uk','DUN','INV','S',1,0,0,0,0,0,64.00,0,'','2013-05-23','OK',' The Authorisation was Successful.','DELTA',9713,57436,0,1),(1684,1369347426,9,1369347177,'b70c483508c2c96f2210a30dc13f7be00c2941f5','O','130616b','OL1684',1,0,'Mr','Patterson','Ronald','4 Pot Hill Lane','','Lisburn','Co Antrim','BT27 6TJ','028 92638779','ronpatt@tiscali.co.uk','EDB','EDB','S',2,0,2,0,0,0,142.00,0,'','2013-05-23','','','',0,0,0,0),(1690,1369397485,7,1369397352,'cc80a83f9fcf3cc8216480e2de764d71d0f16652','O','130608','OL1690',1,0,'Mr','Marshall','Allan','87 Belhaven Park','Muirhead','Glasgow','','G69 9FA','07950936024','allanmarshall5@sky.com','EDB','INV','S',1,0,0,0,0,0,64.00,0,'','2013-05-24','OK',' The Authorisation was Successful.','VISA',5015,13425,0,1),(1695,1369405733,8,1369405598,'c4613c2a67f27637613cc0b857e15fa642ff7175','O','130616a','OL1695',1,0,'Mr','Green','Raymond','Turners','Copse Road','Haslemere','Surrey','GU27 3QH','01428 642074','ray_green@hammer.org.uk','EDB','EDB','S',2,0,0,0,0,0,98.00,0,'','2013-05-24','OK',' The Authorisation was Successful.','MC',9322,66123,0,1),(1704,1369460315,9,1369460202,'1d7376bd35fc9d0f934dc2fe8c32fed768edc82e','O','130616b','OL1704',1,0,'Mrs','Pringle','Kirsty','7 Stone Crescent','Mayfield','Dalkeith','Midlothian','EH225DT','01316636756','kirstypringle@btinternet.com','EDB','EDB','S',2,0,0,0,0,0,118.00,0,'','2013-05-25','OK',' The Authorisation was Successful.','DELTA',7522,412830,0,1),(1709,1369494874,8,1369494733,'6c85d4fe7b5bb736751d730c291650cfd14592cc','O','130616a','OL1709',1,0,'Mrs','Duncan','Pamela','9 Knowepark','','Selkirk','Selkirkshire','TD7 4EY','01750 22569','aduncan178@btinternet.com','EDB','EDB','F',2,0,2,0,0,0,164.00,0,'','2013-05-25','OK',' The Authorisation was Successful.','MC',2717,654299,0,1),(1710,1369508050,8,1369507044,'4764575e68a2e73c00d346f4e1813ab73febf848','O','130616a','OL1710',1,0,'Mr','Crichton','Archie','93','Rederech Crescent','Hamilton','South Lanarkshire','ML3 8QE','07516218 952','a_crichton@sky.com','EDB','EDB','F',2,0,2,0,0,0,184.00,1,'','2013-05-25','OK',' The Authorisation was Successful.','MCDEBIT',7648,652400,0,1),(1726,1369581915,9,1369581768,'5383b52cf306ac51f7e62e068abc88acd1c4525b','O','130616b','OL1726',1,0,'Mr','Park','George','46 Carnock Road','','DUNFERMLINE','Fife','KY12 9NT','01383 723962','sunnybank46sg@aol.co.uk','EDB','EDB','S',4,0,4,0,0,0,284.00,0,'','2013-05-26','OK',' The Authorisation was Successful.','VISA',535,40950,0,1),(1727,1369585532,9,1369585404,'4fa4cda02f8b4ffc2c5bf9b445330e8c089e4d3d','O','130616b','OL1727',1,0,'Mrs','Duncan','Janis','12 Millburn Place','Freuchie','Cupar','Fife','KY15 7HG','','jennifer.duncan1@yahoo.co.uk','EDB','EDB','S',2,0,0,0,0,0,118.00,0,'','2013-05-26','OK',' The Authorisation was Successful.','UKE',4817,28790,0,1),(1729,1369597190,8,1369596981,'2fa1be1d64da58cede085b0dcea4c22dd4749d59','O','130616a','OL1729',1,0,'More','Neill','Elizabeth','Grange Place','Redding','Falkirk','Stirlingshire','FK2 9 UP','01324 711306','lizneill50@hotmail.co.uk','EDB','EDB','F',2,0,2,0,0,0,184.00,1,'','2013-05-26','OK',' The Authorisation was Successful.','DELTA',4815,28158,0,1),(1733,1369607266,9,1369607134,'a23f5aa3b592d3c70061e3d79f93358a534cd285','O','130616b','OL1733',1,0,'Mrs','Harris','Margaret','57 Cluny Gardens','','Edinburgh','Lothian','EH10 6BL','0131 447 2264','magsharris@blueyonder.co.uk','EDB','EDB','S',2,0,2,0,0,0,142.00,0,'','2013-05-26','OK',' The Authorisation was Successful.','VISA',9056,65768,0,1),(1737,1369666041,9,1369665933,'487af9ce7e53cf13c609279aae85e455f905cde5','O','130616b','OL1737',1,0,'Mrs','Addison','Wendy','15 Highfield Place','Girdle Toll','Irvine','North Ayrshire','KA11 1BW','01294238163','wendy.addison1@xtra.co.nz','EDB','EDB','S',2,0,0,0,0,0,118.00,0,'','2013-05-27','OK',' The Authorisation was Successful.','MC',6047,16986,0,1),(1738,1369670783,9,1369670623,'9d8cf9b8cb6cb302d1d9fbc132dc935a5b1340fc','O','130616b','OL1738',1,0,'Mr','Cuthill','Lindsay','22 Wanless Court','','Musselburgh','East Lothian','EH21 7QU','01316650051','ipod@lcuthill.co.uk','EDB','EDB','S',2,0,0,0,0,0,118.00,0,'','2013-05-27','OK',' The Authorisation was Successful.','VISA',7003,12377,0,1),(1740,1369670995,8,1369670919,'baeb7f3b7373649e6cb4742cd0dda0a09b533939','O','130616a','OL1740',1,0,'Mr','Cochrane','Gary','21 Rosedale Grove','','Rosewell','Midlothian','EH24 9DQ','07528321213','garycochrane21@gmail.com','EDB','EDB','F',2,0,2,0,0,0,164.00,0,'','2013-05-27','OK',' The Authorisation was Successful.','MC',1658,613004,0,1),(1745,1369701609,9,1369701502,'6cf92153343f8ca9e701bb8527c7aab7f01a11c6','O','130616b','OL1745',1,0,'Ms','Burt','Sandra','1 Bridge Street','Kincardine','Alloa','Clackmannanshire','FK10 4QU','07711 342544','sandramarycraw@yahoo.co.uk','EDB','EDB','S',3,0,3,0,0,0,213.00,0,'','2013-05-28','OK',' The Authorisation was Successful.','DELTA',4123,881741,0,1),(1751,1369734170,8,1369734091,'7dcd69c55ddae4c56e2c503caa25b32a9bd98499','O','130616a','OL1751',1,0,'Mr','Casely','Bruce','22 Garscube Terrace','','Edinburgh','Midlothian','EH12 6BQ','07884113538','bruce.casely@gmail.com','EDB','EDB','F',3,0,3,0,0,0,246.00,0,'','2013-05-28','REJECTED','The number of authorisation attempts exceeds the limit.','',0,0,0,1),(1752,1369734458,8,1369734372,'3291c62b6adacd8826b27c7d23f20a51b8b61a1a','O','130616a','OL1752',1,0,'Mr','Casely','Bruce','22 Garscube Terrace','','Edinburgh','','EH12 6BQ','07884113538','bruce.casely@gmail.com','EDB','EDB','F',3,0,3,0,0,0,246.00,0,'','2013-05-28','OK',' The Authorisation was Successful.','DELTA',1016,28830,0,1),(1753,1369734658,9,1369734582,'7fc8f1a03eb6a702732d09e92fc1e3ede16c9517','O','130616b','OL1753',1,0,'Mr','Casely','Bruce','22 Garscube Terrace','','Edinburgh','','EH12 6BQ','07884113538','bruce.casely@gmail.com','EDB','EDB','S',2,0,0,0,0,0,118.00,0,'','2013-05-28','ABORT',' The Transaction was cancelled by the customer.','',0,0,0,1),(1755,1369741398,8,1369741149,'86baa4dbad6cf6d7dd34cadf00949a2b05906fb9','O','130616a','OL1755',1,0,'Mr','Kirk','David','8 Mactaggart Road','Seafar','Cumbernauld','North Lanarkshire','HEY 1JL','07516301359','davey2411@googlemail.com','EDB','EDB','S',2,0,2,0,0,0,118.00,0,'','2013-05-28','','','',0,0,0,0),(1758,1369753231,9,1369752946,'fdad6efd10c6adbfbe0bdee092099d80677fb3c5','O','130616b','OL1758',1,0,'Mr','Blair','John','8 Dawson Avenue','Howden East','Livingston','West Lothian','EH54 6AJ','01506 432379','jkblair@btinternet.com','EDB','EDB','S',2,0,2,0,0,0,142.00,0,'','2013-05-28','OK',' The Authorisation was Successful.','DELTA',214,5780,0,1),(1759,1369753128,9,1369753014,'0c382589a6b817413e9b0fc709e302dee09a1182','O','130616b','OL1759',1,0,'Mr','Howarth','Nick','99 Raikes Road','','Skipton','North Yorkshire','BD23 1LS','07514070987','njhowarth@btinternet.com','EDB','EDB','S',1,0,0,0,0,0,59.00,0,'','2013-05-28','OK',' The Authorisation was Successful.','DELTA',2123,766881,0,1),(1765,1369780716,9,1369780576,'c98362846cb6c47c67d54bdefe853a75e73b96c4','O','130616b','OL1765',1,0,'Mr','George','Alastair','4 Baberton Mains Avenue','','EDINBURGH','','EH14 3EQ','01314421408','alastair.george10@btinternet.com','EDB','EDB','S',1,0,0,0,0,0,59.00,0,'','2013-05-28','OK',' The Authorisation was Successful.','DELTA',8617,28289,0,1),(1770,1369814025,8,1369813853,'e152b1c14d20184c6743e4fda73a944dc93fa704','O','130616a','OL1770',1,0,'Mr.','Smith','David','54, Princess Mary Road','','Haddington','East Lothian','EH41 34','07563 659702','smiddy.55@outlook.com','EDB','EDB','F',2,0,0,0,0,0,144.00,0,'','2013-05-29','OK',' The Authorisation was Successful.','MC',5817,41397,0,1),(1792,1369847668,9,1369847553,'cb46206327b30c45958ee8e99b0272a730180a53','O','130616b','OL1792',1,0,'Mr','Marden','David','8 Hillyard Road','','Southam','Warwickshire','CV47 0LA','07808 467841','dave_marden@hotmail.co.uk','EDB','EDB','S',3,0,0,0,0,0,177.00,0,'','2013-05-29','OK',' The Authorisation was Successful.','DELTA',8459,29324,0,1),(1795,1369851568,8,1369851453,'5e322e4ad1128cb5ad120d4f86e2cc3290c68b55','O','130616a','OL1795',1,0,'MR','BENNET','CRAIG','20','CHERRYBANK','DUNFERMLINE','FIFE','KY12 7RG','01383 843382','craigbennet@morganlaw.co.uk','EDB','EDB','S',6,0,6,0,0,0,354.00,0,'','2013-05-29','OK',' The Authorisation was Successful.','MC',3051,200467,0,1),(1798,1369873433,9,1369873282,'4fe71a25d7b7e790efdd512a2b50d4226162bd5b','O','130616b','OL1798',1,0,'Mr','Bentkowski','Bartosz','25 Maurice Avenue','','Stirling','Stirling','FK7 7UB','07917297547','bartosz.kostas@gmail.com','EDB','EDB','S',1,0,0,0,0,0,59.00,0,'','2013-05-30','OK',' The Authorisation was Successful.','DELTA',6208,7326,0,1),(1800,1369904735,8,1369904508,'92f90319be4e474c895163407756df90983cee85','O','130616a','OL1800',1,0,'Mrs','Ingles','Linda','24 Ruthven Avenue','Giffnock','Glasgow','East Renfrewshire','G46 6PQ','0141 638 9327','linda.ingles@sky.com','EDB','EDB','S',2,0,0,0,0,0,98.00,0,'','2013-05-30','OK',' The Authorisation was Successful.','DELTA',7071,802729,0,1),(1815,1369945549,7,1369945324,'08706efc3d9ae3b7924ef8e1621dd8a37528d3fc','O','130608','OL1815',1,0,'Mr','Bews','Norman','5 Downing Point','','Dalgety Bay','Fife','KY11 9YT','01383 823850','bewsn@fidra-tech.com','DAG','INV','F',1,0,0,1,0,0,101.00,0,'','2013-05-30','OK',' The Authorisation was Successful.','MC',6675,675637,0,1),(1828,1370032462,9,1370032268,'d37cae2ff1f57a6bc3d73111189047a91fec8478','O','130616b','OL1828',1,0,'Mr','Walker','Alistair','Station House,','Burrelton,','Blairgowrie,','Perthshire.','PH139NH','07751905737','alistair21walker@btinternet.com','EDB','EDB','F',1,0,0,0,0,0,86.00,0,'','2013-05-31','OK',' The Authorisation was Successful.','DELTA',646,939879,0,1),(1860,1370347596,11,1370347449,'a0915b9a3f715a71468421ee07057fccd523e218','O','130914','OL1860',1,0,'Miss','Low','Dianne','14 Moir Avenue','Northfield','Aberdeen','Aberdeenshire','AB16 7AA','01224685423','fleury@hotmail.co.uk','ABD','OBN','S',2,0,2,0,2,0,168.00,0,'','2013-06-04','OK',' The Authorisation was Successful.','DELTA',716,4509,0,1),(1861,1370348178,11,1370348083,'c8595877e2884e6e83f1df30a61b2b01dec018e7','O','130914','OL1861',1,0,'Mr','A','WIlliam','Saa','','ANytown','Aa','AA1 111','111111','sss@ss.couk','ARB','OBN','S',3,0,2,0,3,0,244.00,0,'','2013-06-04','','','',0,0,0,0),(1865,1370442454,11,1370442365,'5596764c72c7d2bd7e76374e8dfb1e586ad3e470','O','130914','OL1865',1,0,'Mr','Anderson','William','45 Colthill Crescent','','Milltimber','Aberdeenshire','AB13 0EG','01224 732505','william@anderson87.fsnet.co.uk','ARB','OBN','S',3,0,2,0,3,0,244.00,0,'','2013-06-05','OK',' The Authorisation was Successful.','MC',6053,71316,0,1),(1874,1370464987,11,1370464878,'339609fe01498630b23b0e7cacf791529d65ae4f','O','130914','OL1874',1,0,'MR','BJKBKJB','HJHLKJHJBJK','115 HENDK DIKSKS','','DUNFERMLINE','','EH49 7LG','079747555522','stueee@sky.com','DEE','OBN','F',2,0,0,0,0,0,210.00,1,'','2013-06-05','','','',0,0,0,0),(1879,1370512683,11,1370512534,'5c5e8f501ddd614df3d131c6dc202589e4e8fc95','O','130914','OL1879',1,0,'Mr','Heydon','Michael','65 Fleetwood Drive','Banks','Southport','Merseyside','PR98HE','01704232205','michael.heydon@hotmail.co.uk','INR','OBN','F',2,0,2,0,2,0,250.00,1,'','2013-06-06','OK',' The Authorisation was Successful.','MC',8807,42156,0,1),(1883,1370514501,11,1370514314,'30ae1ceecc6cb264f9df0f1bf8ef205fb145d2b9','O','130914','OL1883',1,0,'Mrs','RAMSAY','JEANETTE','THE COTTAGE CRAIGVIEW','MAIN ROAD ABERUTHVEN','AUCHTERARDER','PERTHSHIRE','PH3 1HE','01764663967','jeanetteramsay@btinternet.com','PTH','OBN','S',1,0,0,0,1,0,76.00,0,'','2013-06-06','OK',' The Authorisation was Successful.','DELTA',1592,88481,0,1),(1884,1370523251,11,1370523143,'b29f41d99c2395764173ddbc208fa0ad12869b2b','O','130914','OL1884',1,0,'MR','SHAW','DAVID','11','MEARNS WALK','LAURENCEKIRK','KINCARDINESHIRE','AB30 1FA','01561377764','strollerdave@yahoo.com','LAU','OBN','S',2,0,0,0,2,0,152.00,0,'','2013-06-06','OK',' The Authorisation was Successful.','DELTA',6948,487264,0,1),(1895,1370532125,11,1370531998,'cb52e2fda34742eed4cc219b80f331be87c5443b','O','130914','OL1895',1,0,'Mr','Irving','John','11 Haulkerton Crescent','','Laurencekirk','KIncardineshire','AB30 1FB','07811059082','johnne@live.co.uk','LAU','OBN','F',2,0,2,0,2,0,250.00,1,'','2013-06-06','ABORT',' The Transaction was cancelled by the customer.','',0,0,0,1),(1896,1370532625,11,1370532547,'f43f89485337bf550b28f3f6a590ba499c9ab617','O','130914','OL1896',1,0,'Mr','Irving','John','11 Haulkerton Crescent','','Laurencekirk','Kincardineshire','AB30 1FB','07811059082','johnne@live.co.uk','LAU','OBN','F',2,0,2,0,2,0,250.00,1,'','2013-06-06','OK',' The Authorisation was Successful.','DELTA',3065,603496,0,1),(1904,1370604931,11,1370604847,'ab0198b81d04a849f32793cfe0356326b0355095','O','130914','OL1904',1,0,'Mrs','Wood','Maureen','3 Partan Skelly Way','Cove Bay','Aberdeen','','AB12 3PH','079700 68893','mo.ricky@talktalk.net','ABD','OBN','S',2,0,2,0,2,0,168.00,0,'','2013-06-07','OK',' The Authorisation was Successful.','DELTA',6943,7701,0,1),(1918,1371059887,11,1371059750,'64714b98d3cfbc4366d7b691b171b66ac7f642f5','O','130914','OL1918',1,0,'MR','BLACK','LINDSAY','83 CHAPMAN DRIVE','','CARNOUSTIE','ANGUS','DD7 6DY','01241855297','lindsayblack4@hotmail.com','ARB','OBN','F',2,0,2,0,1,0,238.00,1,'','2013-06-12','OK',' The Authorisation was Successful.','MC',2546,9951,0,1),(1920,1371076921,11,1371076768,'9ccf32459765957405615c8f39d55d6291da731a','O','130914','OL1920',1,0,'Mr','Urquhart','William','Inchgar','58 Grant Road','Banchory','Aberdeenshire','AB31 5UU','01330 822231','william.urquhart@virgin.net','STN','OBN','S',2,0,2,0,2,0,168.00,0,'','2013-06-12','','','',0,0,0,0),(1933,1371154136,11,1371154055,'dcf141719d9a21e11a58ca2dfc405456916c34ee','O','130914','OL1933',1,0,'Mr','Urquhart','William','Inchgar','58 Grant Road','Banchory','Aberdeenshire','AB31 5UU','01330 822231','william.urquhart@virgin.net','INR','OBN','S',2,0,2,0,2,0,168.00,0,'','2013-06-13','OK',' The Authorisation was Successful.','MC',217,762643,0,1),(1941,1371307634,11,1371307470,'9928d338ebfcfd3aff6bf7bd39b98d69f5c1469d','O','130914','OL1941',1,0,'Mrs','Anderson','Catherine','4 Roadside','Kinneff','Montrose','Angus','DD10 0PD','01569750664','kaigen@btinternet.com','LAU','OBN','S',2,0,2,0,2,0,168.00,0,'','2013-06-15','OK',' The Authorisation was Successful.','MC',7743,0,0,1),(1967,1371554777,11,1371554629,'9fab2083a480e370e718a984e558ef7d67c02fe0','O','130914','OL1967',1,0,'Mr','Martin','Paul','56 Mallaig Avenue','Gowrie Park','Dundee','Tayside','DD2 4TR','07756416161','paul37906@aol.com','DEE','OBN','S',1,0,0,0,0,0,64.00,0,'','2013-06-18','OK',' The Authorisation was Successful.','DELTA',813,18131,0,1),(1972,1371562819,11,1371562766,'7672dd44da829733d9e42394b728a2b16e1dc474','O','130914','OL1972',1,0,'Mr','Lee','Jiun Horng','14 DEESIDE CRESCENT','','ABERDEEN','ABERDEENSHIRE','AB15 7PT','01224310039','jiunhorng@gmail.com','ABD','OBN','F',2,0,0,0,2,0,214.00,0,'','2013-06-18','','','',0,0,0,0),(1997,1372099793,11,1372099699,'9ad43c31e78a131fdf530d2347bdab1dfd477c96','O','130914','OL1997',1,0,'Mr','Nicol','John','132 Upper Dalgairn','','Cupar','Fife','KY154JQ','01334653881','nicol9388@btinternet.com','DEE','OBN','S',1,0,1,0,1,0,84.00,0,'','2013-06-24','','','',0,0,0,0),(2018,1372338927,11,1372338878,'6452dd6e1e122987ab8e383bcd36e29e90b1a3e3','O','130914','OL2018',1,0,'Dwadwa','Wadwad','Dwdwadad','Wd Awdwad','Dawdawdawd','Wadawdawdaw','Dwadw','AWD DAWD','99999999999','ray@aol.co.uk','ABD','OBN','F',2,0,2,0,0,0,226.00,1,'','2013-06-27','','','',0,0,0,0),(2047,1372718495,11,1372718180,'b4e3f7d35bd3c71f3dd59cffa8608c13208d3128','O','130914','OL2047',1,0,'Mr','Thomson','Ken','32 Moray Park Terrace','Culloden','Inverness','Highland','IV2 7RW','07758 267048','kenthomson01@btinternet.com','DYC','OBN','S',2,0,2,0,2,0,168.00,0,'','2013-07-01','OK',' The Authorisation was Successful.','DELTA',1216,1573,0,1),(2049,1372772990,11,1372772896,'8396f020391bffa91732da6dc578913bcdf4aa4c','O','130914','OL2049',1,0,'MR','STOKES','KEVIN','FLAT 4 ALLYN COURT','104 TWYFORD ROAD','EASTLEIGH','HAMPSHIRE','SO504BS','02380611902','kevin.stokes@sky.com','ABD','OBN','S',2,0,0,0,0,0,128.00,0,'','2013-07-02','OK',' The Authorisation was Successful.','MC',4355,0,0,1),(2081,1373270648,11,1373270340,'5e2240279423e50844df7a5dc66c9d4cc8b17072','O','130914','OL2081',1,0,'Mr','Campbell','Gordon','6 Mill Crescent','North Kessock','Inverness','Highland','IV1 3XY','01463 731273','campbell.scott1@sky.com','INR','OBN','F',2,0,2,0,2,0,250.00,1,'','2013-07-08','','','',0,0,0,0),(2106,1373583854,12,1373583740,'a104b19dadc762b64c58ec16b1e44f6b771c415e','O','130921','OL2106',1,0,'MR','Hoskins','Andrew','21, Morven Court','Hallglen','Falkirk','Stirlingshire','FK1 2QD','01324 410967','stpaddy@blueyonder.co.uk','EDB','BPN','F',2,0,2,0,0,0,226.00,1,'','2013-07-12','ABORT',' The Transaction was cancelled by the customer.','',0,0,0,1),(2112,1373628279,14,1373627981,'33f97b48dc1ca546cf7f62e7636d94625693e330','O','131026','OL2112',1,0,'Mr','Sharples','Peter','Bannafield West Cottage','Dunino','St Andrews','Fife','KY16 8LT','07581181578','peterwsharples@gmail.com','PMT','FTW','F',4,0,0,0,0,0,460.00,0,'','2013-07-12','','','',0,0,0,0),(2114,1373629140,14,1373629005,'f588741de41ee778930c6e96064f894452da241e','O','131026','OL2114',1,0,'Mr','Sharples','Peter','Bannafield West Cottsge','Dunino','St Andrews','Fife','KY16 8LT','07581181578','peterwsharples@gmail.com','PMT','FTW','F',4,0,0,0,0,0,460.00,0,'','2013-07-12','OK',' The Authorisation was Successful.','MC',7659,614147,0,1),(2115,1373630245,12,1373630149,'30a0020dd036367b005291750a235ec2910619de','O','130921','OL2115',1,0,'Mr','Jones','Andrew','59 Sheriffs Park','','Linlithgow','West Lothian','EH49 7SR','01506 840914','andrew.jones@shovellingsteam.co.uk','DEE','BPN','F',1,0,1,0,1,0,125.00,1,'','2013-07-12','','','',0,0,0,0),(2117,1373653417,12,1373653247,'3c909aacc7d29624bb40a687ce55feea60acbb5f','O','130921','OL2117',1,0,'Mr','Hughes','Ian','1 Howburn Court','Hardgate','Aberdeen','Grampian','AB11 6YA','01224211880','dragon120473@googlemail.com','DEE','BPN','F',3,1,0,0,4,0,428.00,0,'','2013-07-12','OK',' The Authorisation was Successful.','DELTA',314,184700,0,1),(2120,1373666670,12,1373666361,'79173e0d5d944a8a54a92ba38e2a3a8f95ffe6a9','O','130921','OL2120',1,0,'Mr','Bright','James','6 Castle Place','St. Madoes','Perth','Perth And Kinross','PH2 7TY','01738860776','jamesbright4900@hotmail.co.uk','LEU','BPN','S',3,0,3,0,3,0,252.00,0,'','2013-07-12','','','',0,0,0,0),(2121,1373667127,12,1373667024,'6648316d91e7cd3ac9d54df7adf1bb8d1f228a7a','O','130921','OL2121',1,0,'Mr','Bright','James','6 Castle Place','St. Madoes','Perth','Perth And Kinross','PH2 7TY','01738860776','jamesbright4900@hotmail.co.uk','LEU','BPN','S',3,0,3,0,3,0,252.00,0,'','2013-07-12','OK',' The Authorisation was Successful.','MC',8549,126352,0,1),(2125,1373707663,12,1373707406,'8f1689cec56195cf4c8a389956437072d125cf33','O','130921','OL2125',1,0,'Mr','Ballantine','John','8-1 North Werber Place','Fettes Village','Edinburgh','Midlothian','EH4 1TF','0131 476 4104','jb011a2549@blueyonder.co.uk','EDB','BPN','F',1,0,1,0,1,0,115.00,0,'','2013-07-13','','','',0,0,0,0),(2126,1373707974,12,1373707783,'144d823a508fd299607564d384659d9acbcb5fce','O','130921','OL2126',1,0,'Mr','Ballantine','John','8-1 North Werber Place','Fettes Village','Edinburgh','Midlothian','EH4 1TF','0131 476 4104','jb011a2549@blueyonder.co.uk','EDB','BPN','F',1,0,1,0,1,0,115.00,0,'','2013-07-13','OK',' The Authorisation was Successful.','MC',5262,35617,0,1),(2128,1373708464,14,1373708248,'e80dc9c373bb7929bcd2c2309964bb4205dac44a','O','131026','OL2128',1,0,'Mr','Ballantine','John','8-1 North Werber Place','Fettes Village','Edinburgh','Midlothian','EH4 1TF','0131 476 4104','jb011a2549@blueyonder.co.uk','PMT','FTW','F',1,0,1,1,1,0,145.00,0,'','2013-07-13','OK',' The Authorisation was Successful.','MC',5262,45283,0,1),(2129,1373715092,12,1373714976,'6ad3d2a00edf48246fd8050d6be03054331edbd2','O','130921','OL2129',1,0,'Mr','Whyte','David','73 Blackcraigs','','Kirkcaldy','Fife','KY2 6TL','01592 268989','dave.whyte@blueyonder.co.uk','KDY','BPN','F',4,0,4,0,4,0,460.00,0,'','2013-07-13','OK',' The Authorisation was Successful.','DELTA',8516,15928,0,1),(2130,1373716956,12,1373716713,'c574992f56bd6c243df2d3357e450da02646ef93','O','130921','OL2130',1,0,'Mr','McLaren','William N','Blairgorts','Buchlyvie','Stirling','Stirling','FK8 3NR','01360850285','blairgortsniven@aol.com','KKN','BPN','F',1,0,1,0,1,0,115.00,0,'','2013-07-13','OK',' The Authorisation was Successful.','MCDEBIT',1426,773300,0,1),(2132,1373718537,14,1373718455,'46de59e08c19b4f51a01ec507dbe7680ad24d25b','O','131026','OL2132',1,0,'Mr','Tait','Roy','40 Dalton Hill','Earnock','Hamilton','','ML3 9DQ','07703 570885','srps@blaven.com','PMT','FTW','F',1,0,1,0,1,0,135.00,0,'','2013-07-13','','','',0,0,0,0),(2133,1373718989,11,1373718760,'230ee791aff2d03d3ac63b9536733ff831d1673d','O','130914','OL2133',1,0,'Mrs','Wilson','Isabel','21 Glebe Land','Kirkton Of Skene','Westhill','Aberdeenshire','AB32 6XX','01224 743384','lmccombie1@btinternet.com','INR','OBN','S',2,0,2,0,2,0,168.00,0,'','2013-07-13','OK',' The Authorisation was Successful.','MC',2034,361054,0,1),(2136,1373724669,14,1373724347,'64070b07f71a7770f19da66ea40b072af3587d8f','O','131026','OL2136',1,0,'MR','SPENCE','PETER','22  RADSTOCK AVENUE','','STOCKTON-ON-TEES','','TS19 9EB','01642 672458','petergspence22@yahoo.co.uk','PMT','FTW','F',1,0,1,1,1,0,145.00,0,'','2013-07-13','OK',' The Authorisation was Successful.','DELTA',2691,446263,0,1),(2141,1373734057,14,1373734013,'02a08d3d08a0d1f8ebffae7e3be06075bef60638','O','131026','OL2141',1,0,'Mr','Smith','Peter','11 Clark Spring Rise','Morley','Leeds','Yorks','LS27 7UT','441132380669','peter.smith3063@hotmail.co.uk','PMT','FTW','F',2,0,2,2,2,0,290.00,0,'','2013-07-13','ABORT',' The Transaction was cancelled by the customer.','',0,0,0,1),(2152,1373797043,14,1373796908,'599cd91c8de34460948fcf5d3bbf0d5f796729f5','O','131026','OL2152',1,0,'Mr','Speight','Richard','Inchwood Bungalow','Milton Of Campsie','Glasgow','North Lanarkshire','G66 8AL','01236-825331','rwsp8@aol.com','FKK','FTW','F',1,0,0,0,0,0,115.00,0,'','2013-07-14','OK',' The Authorisation was Successful.','MC',4346,691876,0,1),(2153,1373819153,11,1373819029,'17f6b4ab15e03315749541737e98cb9ecc8287b4','O','130914','OL2153',1,0,'Mr','Wagner','Robert','31','Vernon Avenue','Southsea','Hants','PO4 8SA','02392 731662','robert.wagner@sky.com','ABD','OBN','F',1,0,1,0,1,0,115.00,0,'','2013-07-14','OK',' The Authorisation was Successful.','MC',6371,20586,0,1),(2155,1373837644,13,1373837278,'0e805db5ce38285c9cb8db90117674314c840538','O','130928','OL2155',1,0,'Mr','Brown','Kevin Roderick','57/8 Marionville Road','','Edinburgh','Midlothian','EH7 6AQ','01314680836','kevinbrown57@googlemail.com','EDB','_LW','S',1,0,1,0,1,0,100.00,0,'','2013-07-14','OK',' The Authorisation was Successful.','DELTA',6247,370830,0,1),(2160,1373882057,12,1373881944,'270b28174341efa6c821103a1ae4e633e4ad0f35','O','130921','OL2160',1,0,'Mr','Campbell','Hugh','23 Restenneth Place','Lunanhead','FORFAR','Angus','DD8 3NF','01307-464-398','h.f.campbell@dundee.ac.uk','DEE','BPN','F',1,0,1,0,1,0,125.00,1,'','2013-07-15','OK',' The Authorisation was Successful.','MC',8110,0,0,1),(2161,1373882440,13,1373882323,'466e70432aaabb3b81303aec96bf438b01b21629','O','130928','OL2161',1,0,'Mr','Campbell','Hugh','23 Restenneth Place','Lunanhead','FORFAR','Angus','DD8 3NF','01307-464-398','h.f.campbell@dundee.ac.uk','LIN','_LW','F',1,0,1,0,1,0,141.00,1,'','2013-07-15','OK',' The Authorisation was Successful.','MC',8110,0,0,1),(2164,1373890250,13,1373889985,'da728fabb388c105a4431a45a0bce4bda30c0bc5','O','130928','OL2164',1,0,'Mr','Swaffield','Ewan','11/4 Newhaven Main Street','','Edinburgh','','EH6 4NA','0131 2440607','ewan.swaffield@gmail.com','EDB','_DG','S',1,0,1,0,1,0,93.00,0,'','2013-07-15','OK',' The Authorisation was Successful.','DELTA',8035,481,0,1),(2166,1373890449,14,1373890357,'0cc6b85e3d5f6c1d1e4653b07ce28b17ba9974ed','O','131026','OL2166',1,0,'Ms','Bruce','Beverley','9/15 Hopetoun Crescent','','Edinburgh','Midlothian','EH7 4AU','07515 880632','beverleyb@mac.com','PMT','FTW','F',3,0,0,0,0,0,345.00,0,'','2013-07-15','OK',' The Authorisation was Successful.','MC',6141,81839,0,1),(2171,1373916965,14,1373916704,'8a982cbe4d7e0b8f541093c1f0db3bb6864e7c35','O','131026','OL2171',1,0,'Mr','Orrock','Donald','35 High Mill','','Dundee','Angus','DD2 1UN','01382 643264','daorrock@hotmail.co.uk','DBC','FTW','S',2,0,0,0,2,0,182.00,0,'','2013-07-15','OK',' The Authorisation was Successful.','DELTA',5900,728484,0,1),(2173,1373916944,13,1373916803,'28631b1246c304f3b463bb5ebaebd2903fcfb2e4','O','130928','OL2173',1,0,'Mrs','Ainsworth','Dorothy','31 St Annes Road','New Marske','Redcar','Cleveland','TS11 8BJ','01642 484761','dopay@btinternet.com','NCL','_DG','F',2,0,2,0,2,0,258.00,1,'','2013-07-15','OK',' The Authorisation was Successful.','MC',8612,685107,0,1),(2174,1373917375,14,1373917083,'48d8a1b9319c415eb481adf69b30bdf345cf1f8e','O','131026','OL2174',1,0,'Mr','Adamson','Stuart','48 Crosshill Rd','','Strathaven','Lanarkshire','ML10 6DS','01357 520049','adamson_s@btinternet.com','WES','FTW','S',2,0,0,0,2,0,182.00,0,'','2013-07-15','OK',' The Authorisation was Successful.','DELTA',6428,3748,0,1),(2183,1374010035,12,1374009746,'233e15fca54dfff34aab303acd11b31a874a4b15','O','130921','OL2183',1,0,'Mr','Rattray','Ronald','4 St. Serf\'s Road','','Tillicoultry','Clackmannanshire','FK13 6QH','01259751511','ronald@rattray1.freeserve.co.uk','DAG','BPN','F',1,0,1,0,1,0,125.00,1,'','2013-07-16','OK',' The Authorisation was Successful.','DELTA',1717,16742,0,1),(2184,1374011325,14,1374011079,'cc4d70e894df834b8bf1c5e2474b68a589e8794b','O','131026','OL2184',1,0,'Mr','Rattray','Ronald','4 St. Serf\'s Road','','Tillicoultry','Clackmannanshire','FK13 6QH','01259751511','ronald@rattray1.freeserve.co.uk','PMT','FTW','F',1,0,1,1,1,0,145.00,0,'','2013-07-16','OK',' The Authorisation was Successful.','DELTA',1717,16639,0,1),(2185,1374011960,13,1374011771,'ae5dbf82d09ae7262f99a7bac247719c919675d0','O','130928','OL2185',1,0,'Mr','Rattray','Ronald','4 St. Serf\'s Road','','Tillicoultry','Clackmannanshire','FK13 6QH','01259751511','ronald@rattray1.freeserve.co.uk','LIN','_LW','F',1,0,1,0,1,0,141.00,1,'','2013-07-16','OK',' The Authorisation was Successful.','DELTA',1717,16508,0,1),(2189,1374046037,13,1374045909,'fe769287232e522a5c67d3e0fd5334ca33de421a','O','130928','OL2189',1,0,'Mrs','Rahsman','Cynthia','6A Ravelston Park','','Edinburgh','Edinburgh','EH4 3DX','0131 332 3777','elfdin@gmail.com','EDB','_DG','F',2,0,2,0,2,0,268.00,1,'','2013-07-17','ABORT',' The Transaction was cancelled by the customer.','',0,0,0,1),(2199,1374069551,13,1374069383,'a06c29bf4f926f2ce10478c0a30ae167fc569c7e','O','130928','OL2199',1,0,'Mrs','Rahsman','Cynthia','6A Ravelston Park','','Edinburgh','Edinburgh','EH4 3DX','0131 332 3777','elfdin@gmail.com','EDB','_DG','F',2,0,2,0,2,0,268.00,1,'','2013-07-17','OK',' The Authorisation was Successful.','MCDEBIT',8024,544800,0,1),(2203,1374094018,14,1374093896,'9f8cc5a8811c1f17016d896fd5928f858d7fcff9','O','131026','OL2203',1,0,'Mr','Blakemore','Steve','2 Northfleet St','Bucknall','Stoke On Trent','Staffs','ST2 8AA','07714540052','steve.blakemore1@ntlworld.com','PMT','FTW','S',2,0,2,0,0,0,174.00,0,'','2013-07-17','OK',' The Authorisation was Successful.','DELTA',7606,172691,0,1),(2205,1374130227,11,1374130113,'bb02c8d579987d67b6c694cf9a75dffa43c1cf6a','O','130914','OL2205',1,0,'Mr','Enright','Jonathan','180 Headland Court','','Aberdeen','','AB10 7HZ','07841866175','jenright84@hotmail.com','ABD','OBN','S',1,0,0,0,0,0,64.00,0,'','2013-07-18','OK',' The Authorisation was Successful.','DELTA',41,610731,0,1),(2208,1374144984,13,1374144837,'86a5bd7489d6553b7297363f7fbdb70c018e010e','O','130928','OL2208',1,0,'Mr','Matheson','Iain','25 Hillwood Rise','Ratho Station','Edinburgh','Mid Lothian','EH28 8QB','0131 333 2381','iainmatheson@btinternet.com','LIN','_LW','S',4,0,4,0,4,0,400.00,0,'','2013-07-18','OK',' The Authorisation was Successful.','MC',1156,81301,0,1),(2212,1374239958,13,1374239787,'a868c91f67e459f27ec89f5739c9c79edfedfdc9','O','130928','OL2212',1,0,'Mr','Miller','Howard','10 Hyndshaw View','Law','Carluke','South Lanarkshire','ML8 5JX','01698 352004','howardsmiller@gmail.com','MPT','_DG','F',4,0,4,0,4,0,476.00,0,'','2013-07-19','','','',0,0,0,0),(2225,1374309505,13,1374309270,'037525012a5d795e39cb881ff677493addc34312','O','130928','OL2225',1,0,'Mr','Cook','Nigel','2 Elm Row','','Edinburgh','','EH7 4AA','01312257773','mail@nigelcook. net','EDB','GOS','S',6,0,0,0,0,0,384.00,0,'','2013-07-20','INVALID',' The CustomerEMail format is invalid.','',0,0,0,0),(2226,1374309835,13,1374309640,'2f509f27ee31cd13afa3ecafa2535bbe8f6d8dcd','O','130928','OL2226',1,0,'Mr','Cook','Nigel','2 Elm Row','','Edinburgh','','EH7 4AA','01312257773','mail@nigelcook.net','EDB','GOS','S',6,0,0,0,0,0,384.00,0,'','2013-07-20','OK',' The Authorisation was Successful.','MC',4255,95491,0,1),(2228,1374314971,11,1374314822,'6e2f8a7ffbd8d2d8109cfd9d500886b8a74841f7','O','130914','OL2228',1,0,'Ms','Innes','Aileen','18 Hewat Place','','Perth','Perthshire','PH1 2UD','01738 631758','aileen@innes52.fsnet.co.uk','PTH','OBN','F',2,0,0,0,2,0,234.00,1,'','2013-07-20','OK',' The Authorisation was Successful.','MC',8234,620215,0,1),(2241,1374440518,14,1374440385,'9a9e20c12d033144251ec374bfb533a42f693dce','O','131026','OL2241',1,0,'Mr','Matheson','Andrew','53a Cumberland Street','','Edinburgh','','EH3 6RA','01315569625','apmatheson@talktalk.net','PMT','FTW','S',1,0,0,0,0,0,79.00,0,'','2013-07-21','ABORT',' The Transaction was cancelled by the customer.','',0,0,0,1),(2253,1374490045,14,1374489990,'6b3228cb38d09639a5a560153e60db39e5c795b7','O','131026','OL2253',1,0,'','Smith','Mark','1 High Street','','Gourock','','G70 1MS','','mark@smith.org','PMT','FTW','S',2,0,0,0,0,0,158.00,0,'','2013-07-22','','','',0,0,0,0),(2255,1374509925,11,1374509721,'7eb26e958effad9e6610df5c2be717bc58247244','O','130914','OL2255',1,0,'Mr','Littlejohn','James','1 West Inchmichael Cottag','Dundee Rd,By Errol','Perth','Perthshire','PH2 7RS','01821670314','jim.littlejohn@btinternet.com','PTH','OBN','S',4,0,0,0,4,0,304.00,0,'','2013-07-22','','','',0,0,0,0),(2256,1374509872,14,1374509767,'2c75f046e4ed0b3bebbb418bb0adc5afe29e50c2','O','131026','OL2256',1,0,'Mr','Williamson','David','4 Royal Terrace','','Linlithgow','West Lothian','EH496HQ','01506840793','bonsyde@btinternet.com','PMT','FTW','S',4,0,4,0,4,0,396.00,0,'','2013-07-22','','','',0,0,0,0),(2262,1374584024,14,1374583882,'1634e59c341ac8e8624ed13e138dee240af4194c','O','131026','OL2262',1,0,'Mr','Devaney','Paul V','112 Greenbank Road','','Edinburgh','Midlothian','EH10 5RL','0131 529 3911','paulv.devaney@yahoo.com','PMT','FTW','S',1,0,0,1,0,0,89.00,0,'','2013-07-23','OK',' The Authorisation was Successful.','DELTA',4615,198867,0,1),(2263,1374587620,12,1374587438,'ebbd2a96079e940ddbc01ef67156cea02152c0e7','O','130921','OL2263',1,0,'Mr','Hadwin','Andrew','64 Broomlea','','Kelso','Roxburghshire','TD5 7RB','01573223517','andrew.hadwin55@btinternet.com','EDB','BPN','F',4,0,4,0,4,0,460.00,0,'','2013-07-23','OK',' The Authorisation was Successful.','DELTA',5410,23437,0,1),(2282,1374741896,11,1374741663,'5afce031f69d5562a6a3648acba2b51c838807b4','O','130914','OL2282',1,0,'Mrs','Robertson','Elizabeth','13 Granville Place','','Aberdeen','Aberdeenshire','AB10 6NZ','01224 319678','elizabeth.robertson@abdn.ac.uk','ABD','OBN','F',2,0,2,0,2,0,230.00,0,'','2013-07-25','OK',' The Authorisation was Successful.','MC',4280,969454,0,1),(2283,1374748417,14,1374748320,'cec0c47f100b95ec1f69c0cce6384c8e9933c50b','O','131026','OL2283',1,0,'Mr','Williamson','David','4 Royal Terrace','','Linlithgow','West Lothian','EH496HQ','01506840793','bonsyde@btinternet.com','PMT','FTW','S',4,0,4,0,4,0,396.00,0,'','2013-07-25','OK',' The Authorisation was Successful.','DELTA',8933,384049,0,1),(2313,1374941231,12,1374941058,'d15c0598f37553f39f7072a7d6befb318265cdf2','O','130921','OL2313',1,0,'Mr','Anderson','William','45 Colthill Crescent','','Milltimber','Aberdeenshire','AB13 0EG','01224 732505','william@anderson87.fsnet.co.uk','DEE','BPN','S',3,0,2,0,3,0,244.00,0,'','2013-07-27','OK',' The Authorisation was Successful.','MC',6053,85513,0,1),(2314,1374941620,13,1374941484,'750d0351144fd7748dc314d44cef88ce806ebc01','O','130928','OL2314',1,0,'Mr','Anderson','William','45 Colthill Crescent','','Milltimber','Aberdeenshire','AB13 0EG','01224732505','william@anderson87.fsnet.co.uk','LIN','GOS','S',2,0,2,0,2,0,168.00,0,'','2013-07-27','OK',' The Authorisation was Successful.','MC',6053,55445,0,1),(2334,1375019830,11,1375019543,'ab71bd4b8a4a149bc4982ad22645ba5ef3c9454b','O','130914','OL2334',1,0,'MRS','THOM','MARGARET','40 SHEDDOCKSLEY ROAD','MASTRICK','ABERDEEN','','AB16 6PW','01224 690653','mel.thom40@yahoo.co.uk','INR','OBN','F',2,0,2,0,2,0,230.00,0,'','2013-07-28','OK',' The Authorisation was Successful.','MC',1916,0,0,1),(2345,1375044230,14,1375044173,'877c036f92bdd1cfb978e30aab187c0d2bb6343e','O','131026','OL2345',1,0,'','Daniels','Charles','38,Glendenning Road','Thorpe Park','Norwich','Norfolk','NR1 1YS','441603662565','charles.daniels@btinternet.com','PMT','FTW','F',2,0,2,2,2,0,310.00,1,'','2013-07-28','','','',0,0,0,0),(2359,1375100220,14,1375100105,'91b74439cbf7d1d37ae5df5656966a8f461b55f0','O','131026','OL2359',1,0,'Mrs','Moffett','Morag','27 Stanely Crescent','','Paisley','Renfrewshire','PA2 9LF','07525432625','mo1_uk@yahoo.co.uk','DBC','FTW','S',2,0,0,0,0,0,158.00,0,'','2013-07-29','OK',' The Authorisation was Successful.','DELTA',1431,29432,0,1),(2361,1375125991,14,1375123005,'40c11398391054964bf741301266240dfd158511','O','131026','OL2361',1,0,'Mr','Sanders','Johm','9 Fabian Drive','Stoke Gifford','Bristol','','BS34 8XL','01179798025','pjs1944@btinternet.com','PMT','FTW','F',1,0,1,1,1,0,155.00,1,'','2013-07-29','','','',0,0,0,0),(2373,1375213102,13,1375212855,'ecf5783c4be7dac4fe15595e162bbbc74f645dfc','O','130928','OL2373',1,0,'Mr','Gray','Derek','19, Keppel Road','','North Berwick','East Lothian','EH39 4QF','01620 893393','derek.gray944@btinternet.com','DRM','GOS','S',4,0,4,0,4,0,336.00,0,'','2013-07-30','OK',' The Authorisation was Successful.','MC',6172,91113,0,1),(2379,1375219861,14,1375219712,'86b39b5aafc90db26077e5d018309b23085dd1bf','O','131026','OL2379',1,0,'Mr.','Dickens','Richard','21 Blairdenon Drive','Sauchie','Alloa','Clacks.','FK10 3JL','07578344757','richarddotdickens@btinternet.com','PMT','FTW','S',1,0,1,0,1,0,99.00,0,'','2013-07-30','OK',' The Authorisation was Successful.','VISA',8002,34231,0,1),(2402,1375443032,11,1375442926,'508e1685d5131303c3459adffb5bef28a4159178','O','130914','OL2402',1,0,'','Gfr','N','1','Littlewood Lane','Buxted','','TN224LW','','x@y.com','PTH','OBN','S',16,0,0,0,0,0,1024.00,0,'','2013-08-02','ABORT',' The Transaction was cancelled by the customer.','',0,0,0,1),(2409,1375531283,11,1375530471,'700e63bcc0ce950b083f53c422bd117ec5824b1d','O','130914','OL2409',1,0,'Mr','Scott','Jed','4 Argyll House','School Wynd','Errol','Perthshire','PH2 7QN','01821 642456','jedrscott@yahoo.co.uk','PTH','OBN','F',1,0,1,0,0,0,113.00,1,'','2013-08-03','','','',0,0,0,0),(2410,1375543086,12,1375542771,'349e7a88cb7ac06591852c10c756e56e59652866','O','130921','OL2410',1,0,'MR','DYMOCK','JOHN','12, PARKHEAD COTTAGES','','WEST CALDER','WEST LOTHIAN','EH558BG','01506872916','dorothydymock@sky.com','KKN','BPN','F',2,0,2,0,0,0,226.00,1,'','2013-08-03','OK',' The Authorisation was Successful.','DELTA',4514,5346,0,1),(2411,1375559956,11,1375559846,'d785bb47f9f9cc9ee068475ed1040685b7f71796','O','130914','OL2411',1,0,'Mr','Hoper','Barry','Logie Shannoch','Drumrossie','Insch','Aberdeenshire','AB52 6LJ','07867645410','info@transporttreasury.co.uk','INR','OBN','F',2,0,2,0,2,0,250.00,1,'','2013-08-03','OK',' The Authorisation was Successful.','DELTA',6412,5586,0,1),(2432,1375734533,13,1375734272,'2c2682aef6541d204d5a85965ac9f4c3647e30e9','O','130928','OL2432',1,0,'Mr','Cawkwell','Greig','28 Belfield Avenue','East Calder','Livingston','West Lothian','EH530QZ','07834231394','greig.cawkwell@googlemail.com','EDB','_DG','F',3,0,3,3,0,0,372.00,0,'','2013-08-05','OK',' The Authorisation was Successful.','MC',7121,151057,0,1),(2437,1375781660,11,1375781533,'1f2a3133d020677b962e9a783564f549386c05ec','O','130914','OL2437',1,0,'Mr','Green','David','1 Doune Park','','Forres','Moray','IV363WX','01309671548','dg40014@gmail.com','INR','OBN','F',1,0,1,0,1,0,125.00,1,'','2013-08-06','OK',' The Authorisation was Successful.','DELTA',8288,969315,0,1),(2443,1375811934,11,1375811815,'e8fb61dd207a64e6964e4b37d2422750af41684b','O','130914','OL2443',1,0,'Mr','Pogson','Mark','Underbank Avenue','','Hebden Bridge','West Yorkshire','HX7 6PP','01422845826','angiec@madasafish.com','PTH','OBN','F',2,0,2,0,2,0,250.00,1,'','2013-08-06','OK',' The Authorisation was Successful.','VISA',1546,42291,0,1),(2446,1375821513,11,1375821305,'89826ab2fdb27aabcf7431d3e2a4c56f1ad596a0','O','130914','OL2446',1,0,'Mr','Gill','Richard','31 Braehead Drive','Cruden Bay','Peterhead','Aberdeenshire','AB420NP','01779812967','rgbgill@gmail.com','INR','OBN','F',2,0,2,0,2,0,250.00,1,'','2013-08-06','','','',0,0,0,0),(2455,1375903398,11,1375903289,'fae8a67b5d3bb6759a99d4dfb715ee08a1e75ea1','O','130914','OL2455',1,0,'Mr','Moir','Stephen','26 Mallard Drive','','Montrose','Angus','DD109ND','07810372266','stephen1moir@aol.com','MTS','OBN','F',3,0,3,0,3,0,345.00,0,'','2013-08-07','OK',' The Authorisation was Successful.','MC',8862,30318,0,1),(2463,1375985527,12,1375985420,'cbfcbb9fee12efb62e11da803265ea61917a4e20','O','130921','OL2463',1,0,'Mr','Melville','Leslie','146 Glamis Road','','Dundee','','DD2 2EU','01382 782218','stable0205@aol.com','DEE','BPN','F',2,0,0,0,2,0,234.00,1,'','2013-08-08','OK',' The Authorisation was Successful.','DELTA',8810,8320,0,1),(2478,1376131715,11,1376131588,'74595a3fc71885b0a44dbeb2868606f70e4c5c31','O','130914','OL2478',1,0,'Ms','Shaw','Maree','Queen\'s Den','','Aberdeen','','AB15 8BN','07881515456','maree.shaw@onesubsea.com','ABD','OBN','F',4,0,4,0,4,0,460.00,0,'','2013-08-10','OK',' The Authorisation was Successful.','MC',9872,0,0,1),(2493,1376231961,11,1376231830,'5fa3a4409b6e0685534e521190c5d9a2cec25c42','O','130914','OL2493',1,0,'Dr','Thomson','Allan','8 The Rowans','','Dundee','Scotland','DD4 0HZ','01382 505902','athomson@swiftcfd.co.uk','DEE','OBN','S',2,0,2,0,2,0,168.00,0,'','2013-08-11','OK',' The Authorisation was Successful.','DELTA',1919,12337,0,1),(2498,1376250582,11,1376250379,'92650e7dbd1e92dfd5cc705d80892d95ef4b7495','O','130914','OL2498',1,0,'Mr','Greig','Ian','Dunnottar','26 Kirkburn','Laurencekirk','Aberdeenshire','AB301LG','01561378925','igreig@btconnect.com','LAU','OBN','F',4,0,4,0,0,0,412.00,0,'','2013-08-11','OK',' The Authorisation was Successful.','VISA',93,55252,0,1),(2502,1376286072,11,1376285939,'c8e77aeb45b805717429097ea8530c512bed7886','O','130914','OL2502',1,0,'Mr','Christie','James','Mosslea Cottage','Easter Ord','Westhill','Aberdeenshire','AB32 6SP','01224 932004','jchristie@marathonoil.com','ABD','OBN','F',2,0,2,0,2,0,230.00,0,'','2013-08-12','REJECTED','The number of authorisation attempts exceeds the limit.','',0,0,0,1),(2503,1376286496,11,1376286422,'6aa3a85110326ae6eed5f1abc7544c746a960d04','O','130914','OL2503',1,0,'Mr','Christie','James','Mosslea Cottage','Easter Ord','Westhill','Aberdeenshire','AB32 6SP','01224 932004','jchristie@marathonoil.com','ABD','OBN','F',2,0,2,0,2,0,230.00,0,'','2013-08-12','OK',' The Authorisation was Successful.','MC',8554,1222,0,1),(2513,1376327940,11,1376327809,'ed353add2d878c8cac4c10ac4f10a4c2be8b69c1','O','130914','OL2513',1,0,'Miss','Donald','Linda','17','Harefield Rd','Dundee','- None -','DD3 6TA','01382858809','lala_tigger@hotmail.co.uk','DEE','OBN','S',2,0,2,0,2,0,168.00,0,'','2013-08-12','OK',' The Authorisation was Successful.','MC',5359,0,0,1),(2518,1376334609,13,1376331793,'ebb1efeaddc9412f9d2417c7b81994bd8425f089','O','130928','OL2518',1,0,'Miss','Ramsay','Sarah','Flat 12','1 Merlin Avenue','Edinburgh','','EH5 1FR','07907575125','sarah-jane.ramsay@talk21.com','EDB','GOS','F',3,0,3,3,0,0,345.00,0,'','2013-08-12','OK',' The Authorisation was Successful.','MC',4760,98810,0,1),(2520,1376337783,14,1376337642,'76f46e50eb0693de15ea165839852e5e5bc9e2c7','O','131026','OL2520',1,0,'MR','NEWMAN','JOHN','TIGH NA BRUAICH','ST MARGARETS DRIVE','DUNBLANE','PERTHSHIRE','FK15 0DP','01786 825 682','jr.newman@btinternet.com','PMT','FTW','S',2,0,2,0,2,0,198.00,0,'','2013-08-12','OK',' The Authorisation was Successful.','DELTA',8912,12024,0,1),(2524,1376417242,13,1376417126,'dc46296475935048060229521fc7616da7809050','O','130928','OL2524',1,0,'Mrs','Allan','Shona','25 Albert Road','','Eyemouth','Berwickshire','TD145DE','01890750868','kenny_g_allan@hotmail.com','BWK','GOS','S',2,0,2,2,0,0,168.00,0,'','2013-08-13','OK',' The Authorisation was Successful.','DELTA',6100,841696,0,1),(2530,1376467349,14,1376467166,'e593745930663f9e175e5df1e08cf1934e7251be','O','131026','OL2530',1,0,'Mr','Wilson','Robert','18 Lytham Meadows','','Bothwell','Scotland','G71 8ED','01698 852906','robertwilson1946@gmail.com','WES','FTW','F',2,0,2,0,2,0,270.00,0,'','2013-08-14','ABORT',' The Transaction was cancelled by the customer.','',0,0,0,1),(2533,1376499325,12,1376499179,'0bf32a99c203d2b87ea4da906b2b062da1fef1cf','O','130921','OL2533',1,0,'Mr','Robertson','John','Flat 10','53 Kent Road','Glasgow','Lanarkshire','G3 7BL','01324 477591','jmbrobertson@jacobs.com','EDB','BPN','F',1,0,1,0,1,0,115.00,0,'','2013-08-14','','','',0,0,0,0),(2536,1376563658,13,1376563432,'ac1906df888500fc3ba7041b58e12df4edb1eef9','O','130928','OL2536',1,0,'Mr','Russell','George','4 Williamstone Court','','North Berwick','East Lothian','EH39 4RQ','01620 892321','george.russell805@btinternet.com','DRM','_DG','S',2,0,2,2,0,0,186.00,0,'','2013-08-15','OK',' The Authorisation was Successful.','MC',4669,71622,0,1),(2542,1376600805,12,1376600668,'4d67ccf03ef2f1bfac3732f2063df5509e51352a','O','130921','OL2542',1,0,'Mr','Whannel','James','Milton Of Forteviot Farmh','Forteviot','Perth','Perthshire','PH2 9BT','07510309521','jimwhannel@dsl.pipex.com','DAG','BPN','S',2,0,0,0,0,0,128.00,0,'','2013-08-15','OK',' The Authorisation was Successful.','DELTA',6928,501600,0,1),(2543,1376649705,11,1376649052,'184d056b244f1b9c51d23376f1de088d15613a83','O','130914','OL2543',1,0,'Mr','Test','Howard','10 Test Street','','Testville','North TestVille','ML8','0111 22222','howardsmiller@gmail.com','STN','OBN','S',2,0,0,0,0,0,128.00,0,'','2013-08-16','','','',0,0,0,0),(2544,1376649943,11,1376649806,'4dccdd0f83405325284ba8dd2516779e55ac885e','O','130914','OL2544',1,0,'Mr','Test','Howard','10 Test Street','','Testville','','ML8 5JX','01698 352004','howardsmiller@gmail.com','MTS','OBN','S',2,0,0,0,0,0,128.00,0,'','2013-08-16','ABORT',' The Transaction was cancelled by the customer.','',0,0,0,1),(2545,1376650618,11,1376650573,'79afed1a778b05b4b9a04a08431b9db0ca8dd3f0','O','130914','OL2545',1,0,'Mr','Test','Howard','10 Test Street','','Testville','','ML 5JX','01698 352004','howard.miller@glasgow.ac.uk','ABD','OBN','F',2,0,0,0,0,0,190.00,0,'','2013-08-16','ABORT',' The Transaction was cancelled by the customer.','',0,0,0,1),(2555,1376683043,12,1376682645,'6d9b63009c8c2c046a0c79cbf7722b6ded0d89e0','O','130921','OL2555',1,0,'DR','SMITH','CHARLES','1 CAPLAW WAY','','PENICUIK','MIDLOTHIAN','EH26 9JE','01968 673012','caplaw@hotmail.co.uk','EDB','BPN','F',2,0,2,0,0,0,226.00,1,'','2013-08-16','OK',' The Authorisation was Successful.','MC',7003,59048,0,1),(2564,1376735966,11,1376735860,'ee6fc97f534f93ea1c5da13d95ecc0428b50ef17','O','130914','OL2564',1,0,'Mrs','Reid','Elizabeth','Eldirosa','Oldmeldrum','Inverurie','Aberdeenshire','AB51 0DA','01651851649','beth.reid@talktalk.net','INR','OBN','S',2,0,0,0,0,0,128.00,0,'','2013-08-17','OK',' The Authorisation was Successful.','MC',5007,41129,0,1),(2571,1376830283,14,1376830052,'4465473a2fbf8e90f060f6bf3506e2d58e5f9146','O','131026','OL2571',1,0,'Mr','Burnett','Keith','Kilbowie Lodge','Gallanach Road','Oban Argyll','','PA34 4PD','07778933217','keith.burnett@hotmail.co.uk','WES','FTW','F',2,0,2,0,2,0,270.00,0,'','2013-08-18','ABORT',' The Transaction was cancelled by the customer.','',0,0,0,1),(2578,1376853331,14,1376853217,'6a1f66f9f6a7a7068a9f0c57d8c0a82150ae4cf1','O','131026','OL2578',1,0,'Mr','Burton','Geoffrey','41, Petworth Drive','','Burgess Hill','West Sussex','RH15 8JT','01444 246783','geoffrey.burton1@tesco.net','DBC','FTW','S',2,0,2,0,2,0,198.00,0,'','2013-08-18','OK',' The Authorisation was Successful.','MC',2015,16345,0,1),(2582,1376901512,11,1376901328,'981093f4af7cd06c9de7c02bac2a48c4ff755e24','O','130914','OL2582',1,0,'Mr','Sivyer','Robert','3 Rectory View','','Dewsbury','West Yorkshire','WF12 0NN','01924468837','r.sivyers@btinternet.com','INR','OBN','S',1,0,0,0,1,0,76.00,0,'','2013-08-19','OK',' The Authorisation was Successful.','DELTA',4214,365687,0,1),(2585,1376908771,13,1376908502,'d63dfca3948f8a0ccad302325ae5c07992a8ac4b','O','130928','OL2585',1,0,'Mr','Bryce','David','20 Glamis Gardens','','Polmont','Stirlingshire','FK2 0YJ','01324716819','rennboot@virginmedia.com','LIN','_LW','S',1,0,0,0,0,0,80.00,0,'','2013-08-19','OK',' The Authorisation was Successful.','DELTA',7923,19290,0,1),(2586,1376910110,11,1376909951,'fcde7dbe0f0bffb71c2164dbfc19d4e500f8dbbc','O','130914','OL2586',1,0,'Mr','Cameron','Ewan','3 Rosemount Place','','Aberdeen','Aberdeenshire','AB25 2UX','01224 648390','ewan@cameron6853.freeserve.co.uk','ABD','OBN','S',1,0,0,0,1,0,76.00,0,'','2013-08-19','OK',' The Authorisation was Successful.','MC',708,0,0,1),(2591,1376938191,11,1376938133,'d21bbc6f7bf4c6f5d7edec8b25eb887d57f4f383','O','130914','OL2591',1,0,'Mr','McCormick','Kevin','Flat 1-2, 28 Polwarth Str','Hyndland','GLASGOW','United Kingdom','G12 9TX','07917 732636','kevin.mccormick@gmail.com','ABD','OBN','S',1,2,0,0,0,0,160.00,0,'','2013-08-19','OK',' The Authorisation was Successful.','DELTA',1056,174447,0,1),(2596,1376988046,12,1376987931,'ffe9b7e1fac4e86af14cb63e65ce430241e311fd','O','130921','OL2596',1,0,'Dr','Adamson','Malcolm','10 Barnhill Road','Dalgety Bay','Dunfermline','Fife','KY11 9LL','','malcolm.adamson@computer.org','DAG','BPN','S',2,0,0,0,0,0,128.00,0,'','2013-08-20','OK',' The Authorisation was Successful.','DELTA',2508,773757,0,1),(2603,1377025643,12,1377025415,'f499b0ce8530201bdc88ae6df1d5c544c6fa6ea6','O','130921','OL2603',1,0,'Mr','Henderson','Jim','South Loirston','Nigg','Aberdeen','','AB12 3LJ','01224894299','jim5henderson@talktalk.net','LOC','BPN','S',2,0,0,0,0,0,128.00,0,'','2013-08-20','OK',' The Authorisation was Successful.','DELTA',614,4986,0,1),(2605,1377027935,11,1377027690,'93eab63ce2df1de55e1e3d4f458bf89d9468e89a','O','130914','OL2605',1,0,'Mr','Rose','Howard','6 Slatefield Place','','Forfar','Angus','DD8 1PB','01307466658','roseforfar6@talktalk.net','ARB','OBN','S',2,0,0,0,2,0,152.00,0,'','2013-08-20','','','',0,0,0,0),(2608,1377035918,11,1377035795,'064d772d5e83597d7ff95d9d987140622bb8e997','O','130914','OL2608',1,0,'Mr','Lauder','Rod','43 Riccarton','','East Kilbride','South Lanarkshire','G759BX','07882960165','roddylauder@icloud.com','ARB','OBN','S',2,0,2,0,2,0,168.00,0,'','2013-08-20','','','',0,0,0,0),(2611,1377070270,14,1377070192,'26746ad26b9a23dbc85308d92f0f7dd7f62d6e0a','O','131026','OL2611',1,0,'Mr','Colville','Norman','22','Meadowfield Terrace','Edinburgh','Midlothian','EH8 7NR','07836705823','norman.colville@gmail.com','PMT','FTW','F',2,0,2,2,2,0,290.00,0,'','2013-08-21','OK',' The Authorisation was Successful.','MC',9122,651268,0,1),(2612,1377071110,11,1377071000,'f681c20f378613e2ed8a88427678d911a517d1c3','O','130914','OL2612',1,0,'MR','FALCUS','STUART','15 NEW STREET','','STONEHAVEN','KINCARDINESHIRE','AB39 2LE','07590047198','stuart.falcus@googlemail.com','STN','OBN','S',1,0,0,0,0,0,64.00,0,'','2013-08-21','OK',' The Authorisation was Successful.','DELTA',2310,589010,0,1),(2615,1377087210,11,1377087097,'06aa41d7a8a9cea070e723bbe55b3df19f6ea6d2','O','130914','OL2615',1,0,'MR','FUTTER','IAN','CAMPHILL COTTAGE','MILLTIMBER','ABERDEEN','','AB13 0AP','01224 734526','i.futter@crss.org.uk','INR','OBN','S',1,0,1,0,1,0,84.00,0,'','2013-08-21','OK',' The Authorisation was Successful.','MC',4006,66824,0,1),(2620,1377107531,11,1377107466,'fec391a70e5fce2007d17b8c766048bd0ce762fb','O','130914','OL2620',1,0,'Mr','Niemczyk','Jan','9 Grace Street','','Lochgelly','Fife','KY5 9DG','01592 780928','jan.niemczyk@btinternet.com','DEE','OBN','F',1,0,1,0,1,0,115.00,0,'','2013-08-21','OK',' The Authorisation was Successful.','MC',5583,0,0,1),(2621,1377111248,11,1377111169,'47b37a89ce32dddc7d877011f197957171b233c6','O','130914','OL2621',1,0,'Mrs','Oram','Lynne','295 North Deeside Road','Cults','Aberdeen','','AB15 9PA','01224868398','lynne.oram@yahoo.co.uk','ABD','OBN','S',2,0,2,0,2,0,168.00,0,'','2013-08-21','OK',' The Authorisation was Successful.','MC',7812,0,0,1),(2623,1377122115,11,1377121876,'831b4130835c11cc8fa49942c3e7da1879616e0b','O','130914','OL2623',1,0,'Mr','Stevenson','Patrick','39 Connaught Court','','Alfreton','Derbyshire','DE55 7EJ','01773 833865','stevenson279@btinternet.com','ABD','OBN','S',1,0,0,0,0,0,64.00,0,'','2013-08-21','ABORT',' The Transaction was cancelled by the customer.','',0,0,0,1),(2624,1377162519,14,1377162407,'c64b6f44a7dded99afd74b1fe8022b3234456269','O','131026','OL2624',1,0,'Mr','Payter','William','3 St Cadoc House','Temple Street','Keynsham','Bristol','BS31 1HD','07802-431528','payter@globalnet.co.uk','PMT','FTW','F',3,0,3,0,3,0,405.00,0,'','2013-08-22','OK',' The Authorisation was Successful.','MC',8230,0,0,1),(2634,1377267981,11,1377267871,'5142ea5e3dfcbd29d8285263c0c6f4426b25bc71','O','130914','OL2634',1,0,'MR','SKELHON','DEREK','1 BALRYMONTH COURT','','ST.ANDREWS','FIFE','KY16 8XT','01334475961','derek65@tiscali.co.uk','DEE','OBN','F',2,0,2,0,2,0,230.00,0,'','2013-08-23','OK',' The Authorisation was Successful.','MC',6011,54015,0,1),(2635,1377277260,11,1377276976,'0a8b36013f9cc96c0981392fc2ad9b0ae9499f95','O','130914','OL2635',1,0,'Mrs','Page','Gwen','8a Braehead Road','','Letham','Angus','DD8 2PG','01307819380','info@gwenmccreadie.com','ARB','OBN','F',2,0,2,0,2,0,230.00,0,'','2013-08-23','OK',' The Authorisation was Successful.','MC',1427,96329,0,1),(2644,1377387480,11,1377387249,'8158e11c2572ba694e8187f57a1eb02de9b4a825','O','130914','OL2644',1,0,'Mr','Jess','David','34 Glenavy Road','','LISBURN','Antrim','BT28 3UT','07545160103','d.jess22@hotmail.co.uk','DEE','OBN','S',1,0,0,0,0,0,64.00,0,'','2013-08-25','','','',0,0,0,0),(2645,1377388070,11,1377387931,'9a89d16f3c86c4052b0934fa5d62c1379317503b','O','130914','OL2645',1,0,'Mr','Jess','David','34 Glenavy Road','','LISBURN','Antrim','BT28 3UT','07545160103','d.jess22@hotmail.co.uk','DEE','OBN','S',1,0,0,0,0,0,64.00,0,'','2013-08-25','OK',' The Authorisation was Successful.','VISA',4972,31867,0,1),(2662,1377507550,11,1377507424,'bc53fee1ca439702eb521ce0428e164492eebbe6','O','130914','OL2662',1,0,'Mr','Mcgee','Andrew','12 Albury Ride','','WALTHAM CROSS','Hertfordshire','EN8 8XF','07506353747','asmcgee@mac.com','INR','OBN','F',2,0,2,0,2,0,230.00,0,'','2013-08-26','OK',' The Authorisation was Successful.','DELTA',4328,327160,0,1),(2666,1377523790,11,1377523736,'64837506579793b33b84c9fcd5bc8c858e28020b','O','130914','OL2666',1,0,'Mrs','Gray','Anne','22 Charleton Park','','Montrose','Angus','DD10 9XB','01674676255','annegray27@btinternet.com','MTS','OBN','F',2,0,0,0,0,0,190.00,0,'','2013-08-26','','','',0,0,0,0),(2671,1377531089,13,1377530997,'401830be8bc23ad2c15735b373423fde20910134','O','130928','OL2671',1,0,'Mr','Tilbury','James','12 Oakengrove Close','Holmer Green','HIGH WYCOMBE','Bucks','HP15 6SN','07540467748','tilburyjames@hotmail.com','NCL','_DG','F',1,0,1,1,0,0,119.00,0,'','2013-08-26','OK',' The Authorisation was Successful.','MC',9249,35432,0,1),(2672,1377538196,13,1377538090,'e8d0094c48613cef7710dbe9bcbf79705320c3c7','O','130928','OL2672',1,0,'Mr','Jones','John','43,Barnes Road','','Darlington','Durham','DL3 9BN','07742 610647','jsjspoons@hotmail.com','NCL','GOS','S',2,0,0,0,0,0,122.00,0,'','2013-08-26','ABORT',' The Transaction was cancelled by the customer.','',0,0,0,1),(2685,1377594559,14,1377594470,'bfe0dfd91df78eadd99a9f7af6566ec4c96d5b2c','O','131026','OL2685',1,0,'Mr','Turnbull','George','172 Almond Street','','Grangemouth','Stirlingshire','FK3 8PS','01324489369','george.sb10@gmail.com','PMT','FTW','F',2,0,2,2,2,0,290.00,0,'','2013-08-27','OK',' The Authorisation was Successful.','DELTA',4006,879784,0,1),(2686,1377595737,14,1377595593,'54d47e02c3ee043c15bc148d9fd733137f401e07','O','131026','OL2686',1,0,'Mr','No','Jo','12 Ff','Rrr','Qeqrf','','FFG5 5GH','','ert@gmail.com','DBC','FTW','F',1,0,0,0,1,0,127.00,0,'','2013-08-27','ABORT',' The Transaction was cancelled by the customer.','',0,0,0,1),(2687,1377605539,11,1377605355,'7e753c3e4bb74584b42e62dc7f104ea964bae24e','O','130914','OL2687',1,0,'Mrs','McKay','Aileen','5 The Square','Aberchirder','Huntly','Aberdeen','AB54 7TA','01466 780217','aileen.mckay@yahoo.co.uk','INR','OBN','F',2,0,2,0,2,0,230.00,0,'','2013-08-27','OK',' The Authorisation was Successful.','MC',3521,0,0,1),(2692,1377624814,11,1377624672,'f4d4d6c89e4d7ef20a6de370debfbff547e83833','O','130914','OL2692',1,0,'Mr','Burr','Ian','22 Park Street North','','Huntly','Aberdeenshire','AB54 8HY','07769110645','ian.burr@lineone.net','ABD','OBN','F',2,0,2,0,2,0,230.00,0,'','2013-08-27','OK',' The Authorisation was Successful.','VISA',5340,664716,0,1),(2693,1377626333,11,1377626129,'5ca7119ad60d7702d47565e453ad7796317fde13','O','130914','OL2693',1,0,'Miss','Reid','Susan','102, Gellymill Street','','Macduff','','AB44 1UX','07588300763','susanreid67@googlemail.com','INR','OBN','S',2,0,2,0,2,0,168.00,0,'','2013-08-27','OK',' The Authorisation was Successful.','DELTA',918,27483,0,1),(2697,1377632770,14,1377632601,'7eb55c66724a057c10d9a01c8e6ab744656221ee','O','131026','OL2697',1,0,'Mr','Cameron','Angus','18 B Upper Gilmore Place','','Edinburgh','','EH3 9NP','01312282363','angus_m_cameron@yahoo.co.uk','PMT','FTW','S',3,0,3,0,3,0,297.00,0,'','2013-08-27','OK',' The Authorisation was Successful.','MCDEBIT',1624,895100,0,1),(2709,1377696452,13,1377696381,'36cde904e72f3e8b9d36cb6014a086f61d46bc7f','O','130928','OL2709',1,0,'Miss','Morris','Sian','15 The Chesters','Drem','North Berwick','E Lothian','EH39 5BU','07884 282798','morris.sian@yahoo.co.uk','DRM','_LW','F',2,0,2,2,0,0,262.00,0,'','2013-08-28','OK',' The Authorisation was Successful.','VISA',6448,55724,0,1),(2716,1377785461,14,1377785147,'6a4ae4aa9ab062a4a409c5dfc43e2f897f3bb2d4','O','131026','OL2716',1,0,'Mr','Cram','James','67 Pitfairn Road','Fishcross','ALLOA','Clackmannanshire','FK10 3HU','01259 216452','sheilacram@hotmail.com','PMT','FTW','F',2,0,2,2,2,0,290.00,0,'','2013-08-29','OK',' The Authorisation was Successful.','VISA',2696,674301,0,1),(2719,1377791694,11,1377791526,'9b0c097c3ce128781d762a8f550c274aa3107c10','O','130914','OL2719',1,0,'Mr','Grant','Alister','1 Shand Terrace','','Macduff','Aberdeenshire','AB44 1XH','01261 833350','alistergrant617@btinternet.com','INR','OBN','S',1,0,1,0,0,0,72.00,0,'','2013-08-29','OK',' The Authorisation was Successful.','DELTA',9122,321540,0,1),(2721,1377798244,11,1377798073,'cbebeb22d38aa92b3c53986af20b84f5efd0879a','O','130914','OL2721',1,0,'Mrs','Brown','Wilma','4 Townhead Drive','','Inverurie','Aberdeenshire','AB51 4RH','07850849362','wilmaj.brown1949@talktalk.net','INR','OBN','F',2,0,0,0,2,0,214.00,0,'','2013-08-29','OK',' The Authorisation was Successful.','MC',4341,18783,0,1),(2733,1377848969,14,1377848809,'37ab89971ddb2b6365a91a096072a33981954b91','O','131026','OL2733',1,0,'Mrs','Rivans','Lara','29 Buie Brae','','Kirkliston','West Lothian','EH299FB','01313330372','larajrivans@gmail.com','PMT','FTW','F',3,0,3,3,3,0,435.00,0,'','2013-08-30','OK',' The Authorisation was Successful.','MC',819,0,0,1),(2736,1377850543,11,1377850325,'5de6cc8b4f94291a9cf808738af4add432127e33','O','130914','OL2736',1,0,'Mr','Cargill','Ian','47','Airyhall Drive','Aberdeen','Aberdeenshire','AB15 7QQ','01224912303','hosefield@gmail.com','ABD','OBN','F',2,0,2,0,2,0,230.00,0,'','2013-08-30','OK',' The Authorisation was Successful.','MC',5006,17095,0,1),(2737,1377854977,11,1377854895,'be5fb442c203716f5129df5fc64a9cb0da08f6a1','O','130914','OL2737',1,0,'Mr','Greenwood','Neil','Littlewood Cottage','Littlewood Lane','Buxted','East Sussex','TN22 4LW','01825 733772','neilgreenwood@worldonline.co.uk','ABD','OBN','S',1,0,1,0,1,0,84.00,0,'','2013-08-30','ABORT',' The Transaction was cancelled by the customer.','',0,0,0,1),(2739,1377860220,12,1377860036,'7e8b18c07d802b04814099c760864af779fa141a','O','130921','OL2739',1,0,'Mrs','Chalk','Isobel','12 Briarlea','','KELTY','Fife','KY4 0BQ','07813466571','isobel_chalk@hotmail.com','KDY','BPN','S',2,0,2,0,0,0,144.00,0,'','2013-08-30','OK',' The Authorisation was Successful.','DELTA',9103,620935,0,1),(2743,1377873619,14,1377873527,'a423398c825ffad3e30333aeef143c36b6413c06','O','131026','OL2743',1,0,'Mr','Galloway','Alastair','80 Bughtlin Park','East Craigs','EDINBURGH','Midlothian','EH12 8UT','0131 339 5774','alastair.galloway1@btinternet.com','PMT','FTW','F',1,0,1,1,1,0,145.00,0,'','2013-08-30','OK',' The Authorisation was Successful.','MC',1234,67887,0,1),(2745,1377878055,14,1377877636,'e4e07ee00398e17e5ca2666bb68b5d9b53bbcb0b','O','131026','OL2745',1,0,'Mr','Woodburn','Alan','100 Sation Road','Bannockburn','Stirling','','FK7 8JP','01786815695','nicola.woodburn@btinternet.com','FKK','FTW','S',2,0,0,2,2,0,202.00,0,'','2013-08-30','OK',' The Authorisation was Successful.','MC',4237,17773,0,1),(2748,1377892187,11,1377891951,'c15abb2c6e464308c9ecc818c626bb218c696e87','O','130914','OL2748',1,0,'Mrs','Dial Walker','Marla','63 Charleston Crescent','Cove','Aberdeen','','AB12 3DZ','O7798588061','marla.dialwalker@btinternet.com','ABD','OBN','F',2,0,2,0,2,0,230.00,0,'','2013-08-30','OK',' The Authorisation was Successful.','DELTA',1316,757360,0,1),(2760,1377942756,11,1377942588,'ebdfb546b61e915acfb679c6e28a5b1328d187ee','O','130914','OL2760',1,0,'Mrs','Malcolm','Isabelle','1 Shand Terrace','','Macduff','Aberdeenshire','AB44 1XH','01261 833350','alistergrant617@btinternet.com','INR','OBN','S',1,0,1,0,0,0,72.00,0,'','2013-08-31','OK',' The Authorisation was Successful.','DELTA',9122,166459,0,1),(2761,1377942903,11,1377942672,'ef935d5522ee341de7eb00c5046bae9b21b31ec9','O','130914','OL2761',1,0,'Mrs','Cruickshank','Lutitia','Braeside Of Cults','Kennethmont','Huntly','Aberdeenshire','AB54 4QR','07818051128','lutitiacruickshank@mypostoffice.co.uk','INR','OBN','S',2,0,2,0,2,0,168.00,0,'','2013-08-31','OK',' The Authorisation was Successful.','MC',1519,694491,0,1),(2764,1377962691,14,1377962528,'88259fc6517b968881996915e83f7ce270b14b29','O','131026','OL2764',1,0,'Mr','Woods','Alan','34 Dawnay Road','Earlsfield','London','','SW18 3PG','02089478487','brushtype2@virginmedia.com','FKK','FTW','S',1,0,1,0,0,0,87.00,0,'','2013-08-31','OK',' The Authorisation was Successful.','DELTA',491,253760,0,1),(2766,1377984400,14,1377984176,'77b3242580767e0ecb3dfe6a960862e006c1102d','O','131026','OL2766',1,0,'Mr','Norwood','Keith','12','Cunningham Drive','Giffnock','Glasgow','G466EP','01415776946','keith.norwood2@ntlworld.com','WES','FTW','S',1,0,0,0,0,0,79.00,0,'','2013-08-31','OK',' The Authorisation was Successful.','VISA',8375,12853,0,1),(2774,1378038297,12,1378038063,'28f1456d4a0626bcc93d7ca0bc9fc546a8041abc','O','130921','OL2774',1,0,'Mr','Mc Cormack','Alexander','16darrach Drive','Fankerton','Denny','Stirlingshire','FK6 5HU','01324  825448','caird@live.co.uk','LEU','BPN','S',4,0,4,0,0,0,288.00,0,'','2013-09-01','OK',' The Authorisation was Successful.','DELTA',9515,2573,0,1),(2777,1378041947,11,1378041831,'8395e0c1ff56ca2c424b9803c2f7847eb72af31f','O','130914','OL2777',1,0,'Mr','Gorodnb','Dave','49 Green Road','','Huntly','Aberdeenshire','AB54 8HY','01224 820850','dave@bt.com','ABD','OBN','F',2,0,2,0,2,0,230.00,0,'','2013-09-01','','','',0,0,0,0),(2784,1378070114,11,1378069787,'4738ba3dd2ddc5a0a3b69193afbb40e8b441af89','O','130914','OL2784',1,0,'Mrs','Reid','Mary','Bogieview','Bogie Road','Rhynie','Aberdeenshire','AB54 4LU','07831256795','sharpfarmton@googlemail.com','INR','OBN','F',2,0,0,0,2,0,214.00,0,'','2013-09-01','ABORT',' The Transaction was cancelled by the customer.','',0,0,0,1),(2786,1378070977,11,1378070777,'72da79aa7e04c310db8ced98966534f3630befc6','O','130914','OL2786',1,0,'Mrs','Munro','Mary Lorna','44 Main Street','','Rhynie','Aberdeenshire','AB54 4HB','07831256795','sharpfarmton@googlemail.com','INR','OBN','F',1,0,0,0,1,0,107.00,0,'','2013-09-01','','','',0,0,0,0),(2787,1378071520,11,1378071278,'83c99fc7c75bb35b29e66e465b9c8c98a2bc5cba','O','130914','OL2787',1,0,'Mrs','Munro','Mary Lorna','Seaforth','44 Main Street','Rhynie','Aberdeenshire','AB54 4HB','07831256795','sharpfarmton@googlemail.com','INR','OBN','F',1,0,0,0,1,0,107.00,0,'','2013-09-01','OK',' The Authorisation was Successful.','MCDEBIT',4223,558900,0,1),(2798,1378116151,11,1378115673,'6ed9d6b1ffdb0d156fd3b804ce12bba26fa0564b','O','130914','OL2798',1,0,'Mr','Graham','Jonathan','Binzmuehlestrasse 78','','Zurich','','8050','0041797456202','jonathaninstockholm@yahoo.co.uk','ABD','OBN','F',1,0,1,0,1,0,115.00,0,'','2013-09-02','','','',0,0,0,0),(2803,1378129182,12,1378129050,'46ecf9aa14c6aa7d9a18b5a5869873cf8fc32d40','O','130921','OL2803',1,0,'MS','CARGILL','ELIZABETH','173 BUTE PLACE','','GLENROTHES','FIFE','KY7 6RQ','01592 748007','elizabeth1946@btinternet.com','MNC','BPN','S',1,0,0,0,0,0,64.00,0,'','2013-09-02','OK',' The Authorisation was Successful.','MC',3697,622341,0,1),(2805,1378138242,14,1378138046,'d68e74fca36d14b4dcc4873d20d9869e09025820','O','131026','OL2805',1,0,'Mrs','Kilpatrick','Joan','39 Brent Road','Thornliebank','Glasgow','Lanarkshire','G46 8JG','0141 621 1809','je-kilpatrick@sky.com','WES','FTW','S',2,0,2,2,2,0,218.00,0,'','2013-09-02','OK',' The Authorisation was Successful.','DELTA',1111,2036,0,1),(2809,1378145841,14,1378145706,'03b4cff13708515d493786fd07fc002069908198','O','131026','OL2809',1,0,'Mr','Walker','Adrian','2 Moorfoot Place','Penicuik','Midlothian','Scotland','EH26 0AS','01968676824','adrianjwalker57@hotmail.co.uk','PMT','FTW','S',1,0,0,0,0,0,79.00,0,'','2013-09-02','OK',' The Authorisation was Successful.','DELTA',4413,2323,0,1),(2810,1378145902,12,1378145790,'5cbba938f7b051de18b608355d46a995cca5e8f1','O','130921','OL2810',1,0,'Mr','Turner','Gordon','3 Lochbank Road','','FORFAR','Angus','DD8 3HL','01307 461685','g.i.turner@talk21.com','DEE','BPN','F',2,0,2,0,0,0,226.00,1,'','2013-09-02','OK',' The Authorisation was Successful.','DELTA',8760,2404,0,1),(2812,1378152147,12,1378151956,'335833a04b03c0c7ed31e38cd657592f8ab4547f','O','130921','OL2812',1,0,'Mr','Philp','Robert','10 Burleigh Court','','Glenrothes','Fife','KY7 4SF','01592773384','robertphilp@btinternet.com','MNC','BPN','F',4,0,4,0,0,0,412.00,0,'','2013-09-02','','','',0,0,0,0),(2814,1378154030,11,1378153809,'8431ee3f3cb392493d28a41f246b232ec9bcd74d','O','130914','OL2814',1,0,'Mr','Graham','Jonathan','Binzmuehlestrasse 78','','Zurich','','8050','41797456202','jonathaninstockholm@yahoo.co.uk','ABD','OBN','F',3,0,1,0,1,0,115.00,0,'','2013-09-02','','','',0,0,0,0),(2816,1378154134,11,1378154074,'11d3d2c99d621492832e418fab9768b344d5c0de','O','130914','OL2816',1,0,'Mr','Graham','Jonathan','Binzmhlestr','78','Zrich','Schweiz','8050','0041797456202','jonathaninstockholm@yahoo.co.uk','ABD','OBN','F',1,0,1,0,1,0,115.00,0,'','2013-09-02','','','',0,0,0,0),(2823,1378223086,14,1378222971,'22f59022b0b85841e395bd9638d6efc2d2948139','O','131026','OL2823',1,0,'Mrs','Clifford','Joan','1 Erskine Hill','Polmont','Falkirk','','FK2 0UH','01324713560','joan_clifford@hotmail.co.uk','PMT','FTW','F',2,0,2,0,2,0,270.00,0,'','2013-09-03','OK',' The Authorisation was Successful.','DELTA',2610,797749,0,1),(2830,1378286259,11,1378286167,'016d6aa9f6ac399a5e039d4bda218d6bda3d3663','O','130914','OL2830',1,0,'Mrs','Gray','Anne','22 Charleton Park','','Montrose','Angus','DD10 9XB','01674676255','annegray27@btinternet.com','MTS','OBN','F',4,0,0,0,0,0,190.00,0,'','2013-09-04','','','',0,0,0,0),(2837,1378318578,14,1378318398,'7534e873a288405eabf81858b04293eda08cf6de','O','131026','OL2837',1,0,'Mr','Andison','Ken','19 Lothian Drive','Clarkston','Glasgow','','G76 7NA','0141 638 5766','kenneth.andison@live.co.uk','PMT','FTW','F',2,0,2,0,2,0,270.00,0,'','2013-09-04','','','',0,0,0,0),(2838,1378318844,14,1378318747,'9ffd490e9837a3baa6460290ac3d9ea072f89989','O','131026','OL2838',1,0,'Mr','Andison','Ken','19 Lothian Drive','Clarkston','Glasgow','','G76 7NA','0141 638 5766','kenneth.andison@live.co.uk','PMT','FTW','F',2,0,2,0,2,0,270.00,0,'','2013-09-04','OK',' The Authorisation was Successful.','DELTA',5816,4526,0,1),(2849,1378392301,12,1378392095,'3d6e3635897e3dfcc29e8e5a345ab504d576e9a1','O','130921','OL2849',1,0,'Mr','Soppit','Iain','7 Threewells Drive','','Forfar','Angus','DD8 1EP','01307   464498','marilynsoppit@aol.com','DEE','BPN','S',2,0,0,0,0,0,128.00,0,'','2013-09-05','','','',0,0,0,0),(2855,1378404466,11,1378404383,'93a8240a921d2620c118e74e3972da9ee59c8808','O','130914','OL2855',1,0,'Ms','Bruce','Yolanda','17 Herd Crescent','','Johnshaven','Aberdeenshire','DD10 0EZ','07922100522','yolandabruce@shetland.gov.uk','LAU','OBN','S',1,0,0,0,0,0,64.00,0,'','2013-09-05','','','',0,0,0,0),(2866,1378473503,11,1378473261,'a681229cbadccf29cd4a1e5b5feb7fe4f7b77f13','O','130914','OL2866',1,0,'Mr','Jolly','Samuel','Craignure','2 Carronhall','Stonehaven','Kincardineshire','AB39 2QF','01569 763126','craig.nure@btinternet.com','STN','OBN','F',2,0,2,0,0,0,206.00,0,'','2013-09-06','OK',' The Authorisation was Successful.','MC',7064,0,0,1),(2870,1378484615,11,1378484287,'4173791bba61620576597c1a363cacb46e8deeb3','O','130914','OL2870',1,0,'Mr','Innes','David','19 Rosebank Lane','','Forfar','Angus','DD8 2BE','07543607315','daveinnes19@aol.com','ARB','OBN','S',4,0,0,0,0,0,256.00,0,'','2013-09-06','OK',' The Authorisation was Successful.','MC',3945,107650,0,1),(2878,1378547065,12,1378546809,'39f32c7c593fd8ddf11f87d0fd4f1247e543c598','O','130921','OL2878',1,0,'Mr','Smith','Clive','16 T/L','Cheviot Crescent','Dundee','Angus','DD4 9QH','01382521797','smudgers76@hotmail.com','DEE','BPN','F',2,0,2,0,0,0,226.00,1,'','2013-09-07','OK',' The Authorisation was Successful.','DELTA',842,9374,0,1),(2893,1378636753,13,1378636486,'8a948e1c77199e660811b5807cecdecc12147379','O','130928','OL2893',1,0,'Mr','Gray','Ian','56 Portland Street','Pelaw','Gateshead','Tyne And Wear','NE10 0XX','07939083209','iangray747@yahoo.co.uk','NCL','GOS','S',2,0,0,0,0,0,122.00,0,'','2013-09-08','OK',' The Authorisation was Successful.','DELTA',3816,9945,0,1),(2907,1378740191,12,1378739706,'58b32b465bed0a1fbe6c1391c1534f43fbcd2f08','O','130921','OL2907',1,0,'MRS','EADINGTON','SANDRA','2 THE POPLARS','TULLIBODY','ALLOA','CLACKMANNANSHIRE','FK10 2XG','01259 723802','sandra.eadington@btinternet.com','DAG','BPN','S',1,0,1,0,0,0,72.00,0,'','2013-09-09','OK',' The Authorisation was Successful.','DELTA',4135,760240,0,1),(2908,1378746841,14,1378746659,'31ab80eeeafc468dad027d15d3bc52a8c690ff9e','O','131026','OL2908',1,0,'Mrs','McCulloch','Moira','103 Fir Park','','Tillicoultry','Clackmannanshire','FK13 6PJ','01259 752003','moira.mcculloch@yahoo.co.uk','PMT','FTW','F',2,0,2,2,2,0,290.00,0,'','2013-09-09','OK',' The Authorisation was Successful.','MC',5977,78892,0,1),(2912,1378755427,12,1378755190,'50a00ac256a00b6d8a045e4080ceade1b3749410','O','130921','OL2912',1,0,'Miss','Bisset','Fran','14 Hospitalfield Gardens','','Arbroath','Angus','DD11 2LW','01241 878914','fran.bisset@btopenworld.com','DEE','BPN','F',1,1,1,2,0,0,222.00,0,'','2013-09-09','OK',' The Authorisation was Successful.','MC',5736,0,0,1),(2930,1378934298,14,1378933649,'92d4b0528e4c216022a320ddf349fd984a4c4663','O','131026','OL2930',1,0,'Mr','Forrest','John','Flat 1/1','108 Lochlea Road','Glasgow','','G43 2BU','0141 637 9810','jforrest6173@aol.com','WES','FTW','S',1,0,0,0,1,0,91.00,0,'','2013-09-11','ABORT',' The Transaction was cancelled by the customer.','',0,0,0,1),(2935,1378979956,12,1378979879,'9fb0e2d9d1e35f983ce8f0bb78a8835eb8e1d4bc','O','130921','OL2935',1,0,'Mrs','Paterson','Alison','24 Springhill Crescent','Northfield','Aberdeen','','AB16 7RT','01224 789615','alisonpaterson1@hotmail.co.uk','DEE','BPN','S',2,0,2,2,0,0,168.00,0,'','2013-09-12','OK',' The Authorisation was Successful.','DELTA',1976,504770,0,1),(2937,1378984650,12,1378984544,'1fc4fd5e421760a3de3c2b2195aed9751b642f06','O','130921','OL2937',1,0,'Mr','Neyton','Ceri','8 Douglas Avenue','Brightons','Falkirk','Stirlingshire','FK20HB','01324 228934','ceneyton@gmail.com','EDB','BPN','S',3,0,0,0,0,0,192.00,0,'','2013-09-12','OK',' The Authorisation was Successful.','MC',1261,402256,0,1),(2938,1378985860,13,1378985591,'7293d69e82375bb97abb5eeedda2fc56ba3d30d3','O','130928','OL2938',1,0,'Ms','Brading','Evelyn','15Pine Street','','Dunbar','East Lothian','EH42 1PN','01368860767','evelyn_brading@yahoo.co.uk','DRM','GOS','S',2,0,0,0,0,0,128.00,0,'','2013-09-12','OK',' The Authorisation was Successful.','DELTA',815,12032,0,1),(2941,1378999382,14,1378999341,'cd07fa2d97ec7cf20ad177965fc9acc6a34077dd','O','131026','OL2941',1,0,'Mr','Gray','Kenneth','18 Camsail Road','','Rosneath','Argyll & Bute','G84 0RZ','01436831646','kennygray.sons@yahoo.co.uk','DBC','FTW','S',4,0,0,0,0,0,316.00,0,'','2013-09-12','','','',0,0,0,0),(2946,1379011719,12,1379011598,'162e10cecf1039349006f7d865af58115406e3d0','O','130921','OL2946',1,0,'Mr','Morrell','Martin','4 Muirside Avenue','Kirkintilloch','Glasgow','East Dunbartonshire','G66 3PR','07913093096','m.morrell@frenchduncan.co.uk','EDB','BPN','S',1,0,0,0,0,0,64.00,0,'','2013-09-12','OK',' The Authorisation was Successful.','MC',7007,48322,0,1),(2952,1379080589,13,1379080496,'615ec846979d8eabbbc4e44436681445477a64ba','O','130928','OL2952',1,0,'Mr','White','Sean','7 Trojan Ave','Walkergate','Newcastle Upon Tyne','Tyne And Wear','NE6 4QT','0191 2657088','seanwhite1989@hotmail.co.uk','NCL','GOS','S',1,0,0,0,0,0,61.00,0,'','2013-09-13','','','',0,0,0,0),(2965,1379177564,12,1379177255,'b6e495d863b7ae68a2d921a37c6541319a0b8316','O','130921','OL2965',1,0,'Mr','Doctor','Iain','8 South Road','','Cupar','Fife','KY15 5JF','07872939708','iaindoctor@me.com','CUP','BPN','F',3,0,3,3,0,0,345.00,0,'','2013-09-14','OK',' The Authorisation was Successful.','MC',111,46286,0,1),(2968,1379183414,14,1379183249,'41bd770d80b66c7381c3a5d6f91b28780099a46c','O','131026','OL2968',1,0,'Mr','Robb','Alasdair','66 Slamannan Road','','Falkirk','Stirlingshire','FK1 5LE','01324 624574','alasdairrobb@talktalk.net','FKK','FTW','S',2,0,2,0,2,0,198.00,0,'','2013-09-14','OK',' The Authorisation was Successful.','DELTA',1628,16990,0,1),(2979,1379266011,14,1379265703,'89289a996cfe1127af6181cce87aeb1c8ce31478','O','131026','OL2979',1,0,'Mr','Macdonald','Patrick','30 Royal Terrace','','Edinburgh','','EH7 5AH','','pjm001@hotmail.com','PMT','FTW','S',2,1,3,0,3,0,275.00,0,'','2013-09-15','OK',' The Authorisation was Successful.','VISA',6950,138,0,1),(2981,1379270265,13,1379270076,'57a1c11e1eef0fe7b48c3526e7ed6c7360784877','O','130928','OL2981',1,0,'Mrs','Smith','Jenniffer','9 Glen Gairn Crescent','Neilston','Glasgow','','G78 3RB','01418815776','jmesmith@btnternet.com','LIN','_DG','F',2,0,2,2,0,0,248.00,0,'','2013-09-15','OK',' The Authorisation was Successful.','DELTA',214,16610,0,1),(2982,1379322797,13,1379322680,'aaee3d196d90d6fee5832662aa4ad44801d6af99','O','130928','OL2982',1,0,'Mr','Grisdale','Malcolm','83 Windmill Court','','Newcastle Upon Tyne','Tyne And Wear','NE2 4BA','07976686002','mal.ne.uk@gmail.com','NCL','_DG','S',1,0,1,0,0,0,78.00,0,'','2013-09-16','OK',' The Authorisation was Successful.','DELTA',5474,104256,0,1),(2984,1379618823,14,1379618764,'01b377d0d2c2e875b9afd035ccb512b0499ec914','O','131026','OL2984',1,0,'Mr','Gray','Kenneth','18 Camsail Road','','Rosneath','Argyll & Bute','G84 0RZ','01436831646','kennygray.sons@yahoo.co.uk','DBC','FTW','S',3,0,0,0,0,0,237.00,0,'','2013-09-19','OK',' The Authorisation was Successful.','VISA',8144,78833,0,1),(2993,1379667306,14,1379667225,'6f1f7770a09b72801a2370de076da51c099ef91c','O','131026','OL2993',1,0,'Mr','Grisdale','Malcolm','83 Windmill Court','','Newcastle Upon Tyne','Tyne And Wear','NE2 4BA','07976686002','mal.ne.uk@gmail.com','PMT','FTW','S',1,0,1,0,0,0,87.00,0,'','2013-09-20','OK',' The Authorisation was Successful.','DELTA',5474,187210,0,1),(2995,1379673135,13,1379672979,'635bc93645425e8628d0d390f27488a46f7908f4','O','130928','OL2995',1,0,'Mrs','Cowie','Pearl','15 High School Drive','','Elgin','Moray','IV30 6UE','01343 541602','15thecowies@tiscali.co.uk','EDB','_DG','S',2,0,2,2,0,0,186.00,0,'','2013-09-20','OK',' The Authorisation was Successful.','MC',546,654270,0,1),(2996,1379678814,14,1379678669,'1a1418a0ef6049930c1376b605fed582754074df','O','131026','OL2996',1,0,'Mr','Capewell','Christopher','93 Brondesbury Road','','London','','NW6 6RY','02073280803','chriscapewell@googlemail.com','PMT','FTW','S',2,0,0,0,0,0,158.00,0,'','2013-09-20','OK',' The Authorisation was Successful.','MC',2452,613949,0,1),(2998,1379685332,12,1379685276,'83cf19e40d5740d5fc713ae4ab19dd415342cf34','O','130921','OL2998',1,0,'Ms','Hussey','Janet','24/2 Belgrave Crescent','','Edinburgh','Midlothian','EH4 3AL','01313432726','janet_hussey@hotmail.com','EDB','BPN','S',1,0,0,0,0,0,64.00,0,'','2013-09-20','OK',' The Authorisation was Successful.','DELTA',6653,574884,0,1),(3003,1379924279,13,1379924039,'18feaaeea0e6356a39b3d7c4139d7f7083dfc9d2','O','130928','OL3003',1,0,'Mr','Smith','James G','Gifford House','Main Street','WEST LINTON','Peeblesshire','EH46 7EE','01968 661241','jimsmith_21@msn.com','EDB','_DG','F',2,0,2,2,0,0,248.00,0,'','2013-09-23','OK',' The Authorisation was Successful.','DELTA',4568,436211,0,1),(3004,1379929956,14,1379929731,'ea67c76f65e8ca84d95756a527cff625f2c04acb','O','131026','OL3004',1,0,'Mrs','McPhee','Sylvia','4','Forest View','Polmont','Stirlingshire','FK2 0UL','07812705035','sylviamcphee@blueyonder.co.uk','PMT','FTW','S',2,0,2,2,2,0,218.00,0,'','2013-09-23','OK',' The Authorisation was Successful.','MC',215,0,0,1),(3009,1379958332,13,1379958198,'66cc02b7af4c62faa6ce1d45d94fd8dc6db9da4f','O','130928','OL3009',1,0,'Mr','Malcolm','Stuart','19 Baronscourt Road','','Edinburgh','','EH8 7ER','01312589964','stuart1malcolm@gmail.com','EDB','_DG','F',1,0,0,0,0,0,104.00,0,'','2013-09-23','OK',' The Authorisation was Successful.','MC',1177,0,0,1),(3015,1380223281,14,1380223047,'81fb9d3b143596e9589fd36a5acf7a1210862c17','O','131026','OL3015',1,0,'Miss','Wares','Karen','Cartrefle 24 Heol Madog','','Porthmadog','Gwynedd','LL49 9BU','07824442216','karenawares@hotmail.co.uk','PMT','FTW','S',2,0,0,0,0,0,158.00,0,'','2013-09-26','OK',' The Authorisation was Successful.','DELTA',1518,26998,0,1),(3018,1380361732,14,1380361576,'dce62a6c8abb3235e8e2b5769df9145de568beba','O','131026','OL3018',1,0,'Mr','Lawson','Jim','6 Gallagher Court','','AIRDRIE','Lanarkshire','ML6 9GE','07545380443','lawsonj4@yahoo.co.uk','FKK','FTW','S',2,0,2,2,2,0,218.00,0,'','2013-09-28','OK',' The Authorisation was Successful.','MC',9394,0,0,1),(3021,1380471800,14,1380471676,'8d508b936bcdd9be12033091a954f37982070901','O','131026','OL3021',1,0,'Mr','Chaplin-Brice','Graham','Low Bridge End Farm','St Johns In The Vale','Keswick','Cumbria','CA12 4TS','01768779242','info@campingbarn.com','DBC','FTW','S',2,0,2,2,2,0,218.00,0,'','2013-09-29','OK',' The Authorisation was Successful.','DELTA',26,644061,0,1),(3025,1380486608,14,1380486493,'3d0eccd70f8fafd81b662c17d60cf16573da406b','O','131026','OL3025',1,0,'Mr','Topham','Hugh','41 Stainer Road','','Tonbridge','Kent','TN10 4DX','07765803469','h.topham@sky.com','PMT','FTW','S',1,0,0,0,0,0,79.00,0,'','2013-09-29','','','',0,0,0,0),(3026,1380562837,14,1380562672,'ccf6db37eb20c698f64d219d23beca90ae3cce92','O','131026','OL3026',1,0,'Mr','Topham','Hugh William','41 Stainer Road','','Tonbridge','Kent','TN10 4DX','07765803469','h.topham@sky.com','PMT','FTW','S',1,0,0,0,0,0,79.00,0,'','2013-09-30','','','',0,0,0,0),(3027,1380565278,14,1380565205,'c678a6ce2a17b5c00d6e57ab9b7993602c8e3f36','O','131026','OL3027',1,0,'Mr','Topham','Hugh William','41 Stainer Road','','Tonbridge','Kent','TN10 4DX','07765803469','h.topham@sky.com','PMT','FTW','S',1,0,0,0,0,0,79.00,0,'','2013-09-30','OK',' The Authorisation was Successful.','DELTA',5427,677277,0,1),(3029,1380710529,14,1380710318,'62ec5e6106271551af5f7674809ad86ace99ffee','O','131026','OL3029',1,0,'Mr','Maudsley','Declan','4b Talbot Road','','Sudbury','Middlesex','HA0 4UE','07817250134','declanmaudsley@hotmail.com','PMT','FTW','S',1,0,1,0,0,0,87.00,0,'','2013-10-02','','','',0,0,0,0),(3030,1380719565,14,1380719459,'f368e9c850194090803b86e9dcc4e30f7bf26713','O','131026','OL3030',1,0,'Ms','MacKenzie','Sue','Rainbows End','','Blairmore','Argyll','PA23 8TJ','07867 977694','macka@talk21.com','DBC','FTW','S',1,0,0,1,0,0,89.00,0,'','2013-10-02','OK',' The Authorisation was Successful.','MC',9380,0,0,1),(3031,1381083317,14,1381083232,'ecd0cf7b0f33ab0b2cdd4036400d0506182592a8','O','131026','OL3031',1,0,'Mr','Cairns','Christopher','2 Laurel Court','Cambuslang','Glasgow','','G72 7BD','447518516555','chris_cairns59@hotmail.com','WES','FTW','S',1,0,1,0,1,0,99.00,0,'','2013-10-06','OK',' The Authorisation was Successful.','DELTA',8011,429236,0,1),(3033,1381245097,14,1381244959,'23a39aab9cd7446a1bd38ee85eff8bda41f6f3be','O','131026','OL3033',1,0,'Mrs','Sutherland','Margaret','23 Forth Street','','St Monans','Fife','KY10 2AU','01333 730676','margaretoldkirk@gmail.com','PMT','FTW','S',2,0,2,2,2,0,218.00,0,'','2013-10-08','OK',' The Authorisation was Successful.','MC',1453,49224,0,1),(3044,1381322141,14,1381321851,'fe3d05e95536df7e62f1d0e9e53b3285fb0c56f6','O','131026','OL3044',1,0,'Mr','Innes','Peter','4','Lairds Hill Place','Kilsyth','GLASGOW','G65 9EX','07810596935','pet.lau@btinternet.com','PMT','FTW','S',2,0,2,0,2,0,198.00,0,'','2013-10-09','OK',' The Authorisation was Successful.','DELTA',5949,102424,0,1),(3050,1381436598,14,1381436534,'bc879847830e038dd05c2114cdbc5ea81eb810a5','O','131026','OL3050',1,0,'Mr','Casely','Bruce','22 Garscube Terrace','','Edinburgh','Midlothian','EH12 6BQ','07884113538','bruce.casely@gmail.com','PMT','FTW','S',2,0,0,0,2,0,182.00,0,'','2013-10-10','OK',' The Authorisation was Successful.','DELTA',6229,10616,0,1),(3057,1381681229,14,1381681014,'6c551f4f23fbf6837ae3f36f6ad074aa132fdf9b','O','131026','OL3057',1,0,'Mrs','Hunter Smith','Susan','Woodruff','Portincaple','Garelochhead','Argyll And Bute','G840EU','01436810208','sue@helensburgh.co.uk','DBC','FTW','S',2,0,2,2,2,0,218.00,0,'','2013-10-13','OK',' The Authorisation was Successful.','MC',6224,83655,0,1),(3059,1381687936,14,1381687717,'825d971f51c4768b6c56add4a5e349795f81c95d','O','131026','OL3059',1,0,'Ms','Leckie','Shirley','13 Dawson Place','','Bo\'ness','West Lothian','EH51 0NW','07920422432','shirley.leckie@yahoo.co.uk','PMT','FTW','S',2,0,2,2,2,0,218.00,0,'','2013-10-13','','','',0,0,0,0),(3066,1381752803,14,1381752703,'7ee9c5301cdab82f7b29478bf3bee0f7c219b75d','O','131026','OL3066',1,0,'Mr','Hanham','Thomas','10 Caroline Close','','York','','YO244EQ','01904628608','t.hanham@btinternet.com','PMT','FTW','S',1,1,0,0,0,0,136.00,0,'','2013-10-14','OK',' The Authorisation was Successful.','DELTA',2723,5031,0,1),(3067,1381754833,14,1381754664,'468248fa46e7f76989d286f0001760c6252b8728','O','131026','OL3067',1,0,'Mr','Macdonald','John','149','Little Rogart','Rogart','Sutherland','IV283XF','01408641265','johnmcdonald640@aol.com','FKK','FTW','S',1,0,1,0,1,0,99.00,0,'','2013-10-14','','','',0,0,0,0),(3068,1381755070,14,1381754978,'09917481f813c981057779d1711f3fa836cc7a14','O','131026','OL3068',1,0,'Mr','Macdonald','John','149','Little Rogart','Rogart','Sutherland','IV283XF','01408641265','johnmcdonald640@aol.com','FKK','FTW','S',1,0,1,0,1,0,99.00,0,'','2013-10-14','REJECTED','The number of authorisation attempts exceeds the limit.','',0,0,0,1),(3071,1381780914,14,1381780810,'0ccf72b7d10cc6e27ec2ee47bec9fbe1f792cad4','O','131026','OL3071',1,0,'Mr','Mills','Charles','Glenfinnan','Gryffe Road','KILMACOLM','Inverclyde','PA13 4AZ','01505 872657','chaskmills@tiscali.co.uk','WES','FTW','S',1,0,0,0,0,0,79.00,0,'','2013-10-14','OK',' The Authorisation was Successful.','DELTA',8627,187283,0,1),(3072,1381817657,14,1381817429,'16b73fe24fabca2a812596cf759400cc83a21660','O','131026','OL3072',1,0,'Mr','Fleming','Bruce','176 Redcraigs','','Kirkcaldy','Fife','KY26UG','07905531842','bruce.fleming67@gmail.com','PMT','FTW','S',2,0,2,0,0,0,174.00,0,'','2013-10-15','OK',' The Authorisation was Successful.','MC',1252,1371,0,1),(3073,1381862974,14,1381862835,'825c5ca93d9a6b801e925b4e187671d0093eddab','O','131026','OL3073',1,0,'MR','LAKE','ALAN','29','ST MICHAELS PLACE','BRIGHTON','EAST SUSSEX','BN13FU','07985052078','alanlake2003@yahoo.co.uk','DBC','FTW','S',1,0,0,0,0,0,79.00,0,'','2013-10-15','OK',' The Authorisation was Successful.','DELTA',854,616,0,1),(3074,1381863850,14,1381863724,'78d55d01464c18b00fbea1447e4c54f9baac1df6','O','131026','OL3074',1,0,'Mr','Osborne','Robert','5 Culloch Road','Bearsden','Glasgow','','G61 4RS','0141-942-7606','rwo@rwosborne.f2s.com','WES','FTW','S',1,0,0,0,0,0,79.00,0,'','2013-10-15','ABORT',' The Transaction was cancelled by the customer.','',0,0,0,1),(3077,1381866152,14,1381866054,'8be54fc2d14da06c3d8b16e5ad3bed1ddcbe1dac','O','131026','OL3077',1,0,'MR','HOLMES','PETER','61 PIPERS FIELD','RIDGEWOOD','UCKFIELD','EAST SUSSEX','TN22 5SD','07977750817','peter7172@gmail.com','PMT','FTW','S',1,0,1,1,1,0,109.00,0,'','2013-10-15','','','',0,0,0,0),(3078,1382029071,14,1382027719,'81119bdd22548e66a3a73796666ddeb081501d9d','O','131026','OL3078',1,0,'Mrs.','Burlinson','Suzanne','Westwood','Horsham Road','Beare Green, Nr. Dorking','Surrey','RH5 4PF','01306 711252','suzanneburlinson@hotmail.co.uk','FKK','FTW','S',2,0,2,0,2,0,198.00,0,'','2013-10-17','OK',' The Authorisation was Successful.','DELTA',8899,663830,0,1),(3082,1382280680,14,1382280556,'00328324d3ee10fd19135cf4af7d2896dd6d6dce','O','131026','OL3082',1,0,'Mr','Ferguson','Steuart','13 Durham Terrace','','Edinburgh','Lothian','EH151QJ','01316202087','steuart@sky.com','PMT','FTW','S',1,0,1,0,1,0,99.00,0,'','2013-10-20','','','',0,0,0,0),(3083,1382281882,14,1382281696,'45b83f10892a0b7d1e2eb10e757f83361973889c','O','131026','OL3083',1,0,'Mr','Lang','Mark','88 Moubray Grove','South Queensferry','Edinburgh','','EH30 9PD','0131 331 4906','fionamark@hotmail.co.uk','PMT','FTW','S',1,0,0,0,0,0,79.00,0,'','2013-10-20','OK',' The Authorisation was Successful.','DELTA',4297,452700,0,1),(3085,1382297953,14,1382297698,'dfc9f10904471ee1379dcddbe58da3ef25867a60','O','131026','OL3085',1,0,'Mr','Ferguson','Robert','12 Polmont Road','Laurieston','Falkirk','Stirlingshire','FK2 9QY','07980456838','lindsayfergu@yahoo.co.uk','PMT','FTW','S',2,0,2,0,2,0,198.00,0,'','2013-10-20','OK',' The Authorisation was Successful.','DELTA',3021,1424,0,1),(3090,1382371461,14,1382371367,'df62a17fff9dbca9671185c99f61b40fc384bcde','O','131026','OL3090',1,0,'Mr','Rennilson','John','26 Thornbrough Road','','Northallerton','North Yorkshire','DL6 1DJ','01609 771607','john.rennilson@stratherrick.plus.com','PMT','FTW','S',1,0,0,0,0,0,79.00,0,'','2013-10-21','OK',' The Authorisation was Successful.','DELTA',3197,9837,0,1),(3095,1392302955,15,1392302827,'cb2fb7da8762afd4377583931d6a98797ccd0b1c','O','140427a','OL3095',1,0,'Mr','Forsythe','Stephen','8 Lynne Avenue','','Bangor','Co. Down','BT19 1NZ','02891 464116','stephen47711@btinternet.com','LIN','LIN','F',1,0,0,0,0,0,79.00,1,'','2014-02-13','OK',' The Authorisation was Successful.','DELTA',7217,13284,0,1),(3097,1392303123,15,1392303056,'e6acb1f3c100bb4fcad8e7b696adb3a4607c0762','O','140427a','OL3097',1,0,'Miss','Hopkins','Julie','19A','Mar Place','Sauchie','Clackmannanshire','FK10 3EA','07445342000','julz99@hotmail.co.uk','LIN','LIN','S',3,0,0,0,0,0,141.00,0,'','2014-02-13','OK',' The Authorisation was Successful.','MC',3431,74083,0,1),(3098,1392307073,15,1392306815,'50cd05ae408036b91ff5199bfd8202edfd8fd510','O','140427a','OL3098',1,0,'Mr','Dick','Alan','63 Meeting House Lane','Balsall Common','Near Coventry','West Midlands','CV7 7FX','01676 535711','alanjohndick@gmail.com','LIN','LIN','F',1,0,0,0,0,0,79.00,1,'','2014-02-13','OK',' The Authorisation was Successful.','MC',1756,0,0,1),(3099,1392309677,15,1392309593,'215626a5564f1ea8750b8d97e6b2a482d7fb5863','O','140427a','OL3099',1,0,'Mr','Quantock','Phil','44 Nelson Court','Droitwich Road','Manchester','Greater Manchester','M40 8DR','07837178928','pquantock@ymail.com','LIN','LIN','S',1,0,0,0,0,0,47.00,0,'','2014-02-13','OK',' The Authorisation was Successful.','DELTA',927,145110,0,1),(3100,1392319466,16,1392319260,'ce62f5a88953c1fb9f3df79136ca3a51456f55e2','O','140427b','OL3100',1,0,'Mrs','Wackett','Marilyn','1','Glenochil Terrace','Alloa','Clackmannanshire','FK10 3AB','01259769560','mwackett@gmail.com','DAM','INK','S',2,0,2,0,0,0,118.00,0,'','2014-02-13','OK',' The Authorisation was Successful.','VISA',5060,531905,0,1),(3103,1392385972,16,1392385801,'9a712b65e2b02559499369eebe1a5bbb8e9031e7','O','140427b','OL3103',1,0,'Mr','Gibson','Andrew','52 Almond Avenue','Kidlington','Oxford','Oxfordshire','OX5 1EW','01865 371534','andy@knowlesandson.co.uk','DAM','INK','F',2,0,0,0,0,0,158.00,1,'','2014-02-14','OK',' The Authorisation was Successful.','VISA',9715,8172,0,1),(3109,1392404378,16,1392404228,'8914a566401c5721283971233147825c99f5e69b','O','140427b','OL3109',1,0,'Mrs','Neep','Fiona','14 Burleigh Crescent','','Inverkeithing','Fife','KY111DQ','01383 415309','aneep@btinternet.com','DAM','INK','F',4,0,0,0,0,0,276.00,0,'','2014-02-14','OK',' The Authorisation was Successful.','DELTA',9416,14252,0,1),(3110,1392404764,15,1392404622,'de6f1013e069bdcd10046a7b5b4f14b6c5caffd5','O','140427a','OL3110',1,0,'Mr','Price','John','40 Sealand Road','','Deeside','Flintshire','CH52RJ','01244811789','jp60@btinternet.com','LIN','LIN','F',2,0,0,0,0,0,158.00,1,'','2014-02-14','OK',' The Authorisation was Successful.','DELTA',2241,7318,0,1),(3111,1392405166,16,1392405046,'6803b441ab85965fbac5011b3d19f2234a8e0986','O','140427b','OL3111',1,0,'Mr','Price','John','40 Sealand Road','','Deeside','Flintshire','CH52RJ','01244811789','jp60@btinternet.com','DAM','INK','F',2,0,2,0,0,0,182.00,1,'','2014-02-14','OK',' The Authorisation was Successful.','DELTA',2241,9457,0,1),(3113,1392409894,15,1392409769,'4f362d89afd5276b0770f618f3efcb58e4c5d202','O','140427a','OL3113',1,0,'MR','STRINGER','DAVID','70 FRANKLYN ROAD','LONDON ROAD ESTATE','CANTERBURY','KENT','CT2 8PS','01227 761915','davidstringer5799@sky.com','LIN','LIN','S',2,0,0,0,0,0,94.00,0,'','2014-02-14','OK',' The Authorisation was Successful.','DELTA',313,14968,0,1),(3115,1392420257,16,1392420107,'430fcf256f1675ebe27d838cac00e98432894dba','O','140427b','OL3115',1,0,'Mr','Rattray','Ronald','4 St. Serfs Road','','Tillicoultry','Clackmannanshire','FK13 6QH','01259751511','ronald@rattray1.freeserve.co.uk','DAM','INK','F',1,0,1,0,0,0,91.00,1,'','2014-02-14','OK',' The Authorisation was Successful.','DELTA',8811,14991,0,1),(3117,1392458906,15,1392458752,'b5c4e05cc6da4086331fb2b5188360e2eefcb77f','O','140427a','OL3117',1,0,'Dr','Reid','John','7 Clarendon Place','','Stirling','Stirlingshire','FK8 2QW','01786474129','drjohn.reid@gmail.com','LIN','LIN','F',2,0,2,0,0,0,162.00,0,'','2014-02-15','OK',' The Authorisation was Successful.','MC',2006,16147,0,1),(3119,1392459792,16,1392459722,'acacbe765945514734df6fd1feaafd936d8c6402','O','140427b','OL3119',1,0,'Mrs','McCafferty','Lorraine','27 Baberton Mains Way','','Edinburgh','Mid Lothian','EH14 3HD','0131 442 1076','lorraine_mccafferty@sky.com','DAM','INK','F',4,0,0,0,0,0,276.00,0,'','2014-02-15','OK',' The Authorisation was Successful.','MC',8755,0,0,1),(3123,1392478419,16,1392478325,'ca62596de164ee52f256d3ad81775b2a97a4763c','O','140427b','OL3123',1,0,'Miss','Miller','Kim','Flat 3, 1 Speirs Court','Park Terrace, Brightons','Falkirk','Scotland','FK2 0WF','07450088623','kimmiller007@hotmail.com','DAM','INK','S',2,0,2,0,0,0,118.00,0,'','2014-02-15','OK',' The Authorisation was Successful.','DELTA',7612,17945,0,1),(3125,1392484084,15,1392483997,'58c0435766ec97cbadaa9ef49eb4962c312492c0','O','140427a','OL3125',1,0,'Mr','Scott','Mike','4 Rockville Grove','','Linlithgow','West Lothian','EH49 6BZ','07557 255684','mike@hindsight.it','LIN','LIN','S',2,2,0,0,0,0,164.00,0,'','2014-02-15','OK',' The Authorisation was Successful.','DELTA',631,949100,0,1),(3129,1392513197,15,1392512971,'1a9a79a849d4eca236ebb564ba1fda383ffb7493','O','140427a','OL3129',1,0,'Mr','Small','Graeme','6 Kirklands Park Grove','','Kirkliston','','EH29 9EU','01313334952','graemes99@sky.com','LIN','LIN','S',2,1,3,0,0,0,165.00,0,'','2014-02-16','OK',' The Authorisation was Successful.','MC',4642,660807,0,1),(3131,1392632244,15,1392632176,'3709737bbd61b46153ba93536a65d095019e3b67','O','140427a','OL3131',1,0,'Mr','Miles','Vernon','45 Main Street','Abernethy','Perth','Perth And Kinross','PH2 9JH','01738 850548','vmiles548@btinternet.com','LIN','LIN','S',2,0,0,0,0,0,94.00,0,'','2014-02-17','OK',' The Authorisation was Successful.','MC',6644,84093,0,1),(3134,1392640228,16,1392639870,'906df152ef88e765df52c23a912e705a6d27785c','O','140427b','OL3134',1,0,'Mr','Avann','David','28','The Spinneys','Dalgety Bay','Fife','KY11 9SL','01383 823356','chris_avann@hotmail.co.uk','DAM','INK','F',2,0,2,0,0,0,162.00,0,'','2014-02-17','ABORT',' The Transaction was cancelled by the customer.','',0,0,0,1),(3135,1392640510,16,1392640409,'f36b0563db485e73d078bcb3888d94d0010d5443','O','140427b','OL3135',1,0,'Mr','Avann','Christopher','28','The Spinneys','Dalgety Bay','Fife','KY11 9SL','01383 823356','chris_avann@hotmail.co.uk','DAM','INK','F',2,0,2,0,0,0,162.00,0,'','2014-02-17','OK',' The Authorisation was Successful.','DELTA',5166,375843,0,1),(3137,1392669608,15,1392669564,'0b3386fb762a6b9c4b43f4101263c49cb3d20f7b','O','140427a','OL3137',1,0,'Dsf','Fa','Afds','Ad','Ad','Ad','','FDA','fdas','afd','LIN','LIN','F',2,0,0,0,0,0,158.00,1,'','2014-02-17','','','',0,0,0,0),(3140,1392674509,16,1392674384,'c43c1f481114edeb4ee6243772b4c58e2c4c6548','O','140427b','OL3140',1,0,'Ms','Cooper','Ruth','24 Balvaird Place','','Dunfermline','Fife','KY120XR','01383 738957','ruth-cooper@sky.com','DAM','INK','S',2,0,2,0,0,0,118.00,0,'','2014-02-17','OK',' The Authorisation was Successful.','DELTA',6445,429980,0,1),(3141,1392839490,15,1392839397,'b0857125dc5b06c0393e534cbec358ac22d933ed','O','140427a','OL3141',1,0,'Mrs','Gribben','Bess','2 Keirfold Avenue','Tullibody','Alloa','United Kingdom','FK10 3BE','','bessgribben@yahoo.co.uk','LIN','LIN','S',2,1,0,0,0,0,129.00,0,'','2014-02-19','OK',' The Authorisation was Successful.','MC',910,0,0,1),(3147,1393065246,17,1393065122,'1448dc1ce9e4139ba95ac2d4ef9a563343c2b3d3','O','140510','OL3147',1,0,'Mrs','Pratt','Diane','33','Dean Drive','Crossford','Fife','KY128PF','01383723465','diane.pratt@hotmail.com','DAG','KYL','F',4,0,0,0,0,0,396.00,0,'','2014-02-22','','','',0,0,0,0),(3149,1393066825,17,1393066710,'bd8a6ff234f26f77a4709f1645c6b88b08a848ef','O','140510','OL3149',1,0,'Mrs','Pratt','Diane','33','Dean Drive','Crossford','Fife','KY128PF','01383723465','diane.pratt@hotmail.com','DAG','KYL','F',4,0,0,0,0,0,396.00,0,'','2014-02-22','','','',0,0,0,0),(3150,1393070766,15,1393070259,'96dc45e5e79c6c34b7512097a0d18923a21ea4ba','O','140427a','OL3150',1,0,'Mr','Scott','Tom','8 School Wynd','Leitholm','Nr Coldstream','','TD12 4JN','01890840325','stuart@dsrhodes.wanadoo.co.uk','LIN','LIN','S',2,0,0,0,0,0,94.00,0,'','2014-02-22','OK',' The Authorisation was Successful.','DELTA',6002,53983,0,1),(3151,1393089419,17,1393089323,'b1729ec06789861d4815ff7f608610a6476e9e62','O','140510','OL3151',1,0,'Mr','Webster','David','4','Burnside Avenue','Armadale','West Lothian','EH48 3RE','441501731423','burnsideavenue@hotmail.com','DAM','KYL','F',2,0,2,0,2,0,268.00,1,'','2014-02-22','OK',' The Authorisation was Successful.','DELTA',6713,24206,0,1),(3154,1393101000,20,1393100878,'c1bddc352af86cb36a6ececbfcd3b170ca2d26c0','O','140607','OL3154',1,0,'Mr','Jones','Andrew','59 Sheriffs Park','','Linlithgow','West Lothian','EH49 7SR','01506840914','andrew.jones@shovellingsteam.co.uk','LIN','MLG','F',2,0,2,2,2,0,338.00,1,'','2014-02-22','OK',' The Authorisation was Successful.','MC',5220,45649,0,1),(3155,1393101507,17,1393101339,'6a641a8714709e594f88f97833335276a393ba34','O','140510','OL3155',1,0,'Mr','McIntosh','Andrew','15 Freya Close','Saxon Reach','Middleton On Sea','West Sussex','PO22 7UQ','01243 586508','elvenraid@hotmail.com','PTH','KYL','F',2,0,0,0,0,0,218.00,1,'','2014-02-22','OK',' The Authorisation was Successful.','MC',8720,491842,0,1),(3156,1393109174,15,1393109016,'ce9aef11b6cfd73934b2a5f0b31298f502932260','O','140427a','OL3156',1,0,'Ms','Douglas','Kay','82 Greenbank Crescent','','Edinburgh','','EH10 5SW','07800734762','ngc3115@virginmedia.com','LIN','LIN','S',1,1,0,0,0,0,82.00,0,'','2014-02-22','OK',' The Authorisation was Successful.','VISA',1597,55030,0,1),(3164,1393152394,16,1393152195,'1c129e81b448f3a95c60f4bf14ff5a10dcb84d2e','O','140427b','OL3164',1,0,'Mr','Lander','Nicholas','33 Conningsby Drive','','Pershore','Worcestershire','WR10 1QX','07802861956','valenta@tiscali.co.uk','DAM','INK','F',2,0,2,0,0,0,162.00,0,'','2014-02-23','OK',' The Authorisation was Successful.','DELTA',1179,24634,0,1),(3166,1393166945,15,1393166880,'fab21f92ce8f0cfc6dd02d99652f437944caf9c7','O','140427a','OL3166',1,0,'MR','VIANELLO','FABIANO','57 ATLAS ROAD','EARLS COLNE','COLCHESTER','ESSEX','CO6 2LX','01787 224136','fabianov@live.co.uk','LIN','LIN','S',1,0,0,0,0,0,47.00,0,'','2014-02-23','OK',' The Authorisation was Successful.','DELTA',8112,93070,0,1),(3167,1393171234,15,1393171125,'a2716c6e6cc390c52c42c5835e9f0b1a660a38db','O','140427a','OL3167',1,0,'Mr','Martin','Craig','20 Heathery Lea Avenue','','Coatbridge','Lanarkshire','ML5 4JT','07531067842','craig_g_martin@hotmail.com','LIN','LIN','S',2,0,0,0,0,0,94.00,0,'','2014-02-23','OK',' The Authorisation was Successful.','VISA',2031,63512,0,1),(3168,1393174105,20,1393173865,'3b07cdefea0005dc55fc1f33b5905e7c1fdcdf3a','O','140607','OL3168',1,0,'Mr','Murdoch','Andrew','4 Park Road','Bargeddie','Baillieston','Glasgow','G69 7PR','07802605004','murdoch.drew@gmail.com','NBW','MLG','F',2,0,2,0,2,0,314.00,1,'','2014-02-23','','','',0,0,0,0),(3169,1393174095,20,1393173908,'7546e8856ebaa2384c55263ebc6ff16c9ea38419','O','140607','OL3169',1,0,'Mrs','Neill','Elizaberth','6 Grange Place','Reeding','Falkirk','Stirlingshire','FK2 9UP','01324711306','lizneill50@hotmail.co.uk','FKK','MLG','F',2,0,2,0,2,0,314.00,1,'','2014-02-23','OK',' The Authorisation was Successful.','VISA',3748,47522,0,1),(3173,1393176815,17,1393176564,'8278b7c3afbceb6b4fb054de23b9f6215a778fe4','O','140510','OL3173',1,0,'Mr','Henderson','Ross','21 Marionville Crescent','','Edinburgh','','EH7 6AU','01316617665','ross.65@virginmedia.com','EDB','KYL','S',1,0,1,0,1,0,92.00,0,'','2014-02-23','OK',' The Authorisation was Successful.','VISA',869,95584,0,1),(3178,1393184394,16,1393184219,'587a0f1cf624406be6af93d367c201fd73a50c80','O','140427b','OL3178',1,0,'Mr','POLLOCK','JOHN','43 BURNSIDE VIEW','','COATBRIDGE','North Lanarkshire','ML5 1HR','01236602843','jonbel.007@gmail.com','DAM','INK','F',2,0,2,0,0,0,182.00,1,'','2014-02-23','OK',' The Authorisation was Successful.','DELTA',9517,24737,0,1),(3180,1393188118,18,1393187969,'c3ea54fc87f034f38bea9461d50256973461e775','O','140524','OL3180',1,0,'Mr','Darroch','James','21/5 Montagu Terrace','','Edinburgh','Midlothian','EH3 5QR','447952366460','el2_cid@yahoo.co.uk','EDB','MLG','F',2,0,2,0,2,0,314.00,1,'','2014-02-23','OK',' The Authorisation was Successful.','DELTA',7213,24061,0,1),(3185,1393190217,22,1393190144,'43d98177b3aa922750faed83dbf50a2de9254b94','O','140621','OL3185',1,0,'MR','HOSKINS','ANDREW','21 MORVEN COURT','HALLGLEN','FALKIRK','STIRLINGSHIRE','FK1 2QD','01324 410967','stpaddy@blueyonder.co.uk','EDB','HHD','F',2,0,2,0,0,0,238.00,1,'','2014-02-23','OK',' The Authorisation was Successful.','MC',1043,0,0,1),(3187,1393191859,16,1393191691,'46f224dcac8e3275d8436ed209e23a07624c771b','O','140427b','OL3187',1,0,'Mr','Doig','Ian','2E Gillsland Road','','Edinburgh','','EH10 5BW','0131 228 2947','ianpdoig@yahoo.com','DAM','INK','F',4,0,4,0,0,0,324.00,0,'','2014-02-23','OK',' The Authorisation was Successful.','MC',2154,0,0,1),(3189,1393198331,22,1393198291,'0b28bb421acc466b207dea7c89db92c030461f25','O','140621','OL3189',1,0,'Mr','Darroch','James','21/5 Montagu Terrace','','Edinburgh','Edinburgh City','EH3 5QR','447952366460','el2_cid@yahoo.co.uk','EDB','HHD','F',2,0,2,0,2,0,268.00,1,'','2014-02-23','OK',' The Authorisation was Successful.','DELTA',7213,24266,0,1),(3190,1393235356,18,1393235269,'8126d75270674b6e4c10d6c381878b72ba3360ec','O','140524','OL3190',1,0,'Mr','Middleton','Geoff','75 Cornwall Drive','','Stafford','Staffordshire','ST17 0FG','07754499142','geoffmid@btinternet.com','EDB','MLG','F',3,0,3,3,3,0,477.00,0,'','2014-02-24','OK',' The Authorisation was Successful.','DELTA',1110,24980,0,1),(3191,1393238414,18,1393238303,'b578a607cecd0fe6384671f2147d91479629d313','O','140524','OL3191',1,0,'MR','ELLISON','ANDREW','155 FARNE DRIVE','','GLASGOW','GLASGOW','G44 5DN','07818407710','andythebud@hotmail.com','EXG','MLG','F',2,0,2,0,2,0,314.00,1,'','2014-02-24','','','',0,0,0,0),(3193,1393243434,17,1393243366,'5999d4a183ac26ecffbb33e5b3c6c24703dddfb1','O','140510','OL3193',1,0,'Mr','Cook','Nigel','2 Elm Row','','Edinburgh','','EH7 4AA','07836601495','mail@nigelcook.net','EDB','KYL','S',6,0,0,0,0,0,402.00,0,'','2014-02-24','OK',' The Authorisation was Successful.','MC',4255,62618,0,1),(3195,1393243918,17,1393243767,'63e7f20b4a2a07bc89aa5ef8c537f6ce9489a347','O','140510','OL3195',1,0,'Mrs','Mcauliffe','Marjorie','6','Manse Lane','Burntisland','Fife','KY3 0BJ','01592874889','marjorie.mcauliffe@btconnect.com','DAG','KYL','F',2,0,2,0,2,0,268.00,1,'','2014-02-24','','','',0,0,0,0),(3197,1393248489,16,1393248413,'c428985846c2259ffa19c3efb0e30758b55d8d82','O','140427b','OL3197',1,0,'Mrs','Munro','Rona','Tricklebank','Braehead','Carnwath','Lanarkshire','ML11 8LP','07785116110','rona.munro@networkrail.co.uk','DAM','INK','F',2,0,2,0,0,0,182.00,1,'','2014-02-24','ABORT',' The Transaction was cancelled by the customer.','',0,0,0,1),(3200,1393271577,15,1393271393,'aa488ddfece701aaed1d3bdaeb317264dbfc67fe','O','140427a','OL3200',1,0,'Mr','Morton','Colin','20 Strachan Crescent','','Dollar','','FK14 7HL','01259742551','morton.dollar@btinternet.com','LIN','LIN','F',2,0,0,0,0,0,138.00,0,'','2014-02-24','OK',' The Authorisation was Successful.','VISA',2648,76996,0,1),(3201,1393279958,18,1393279840,'561f1ae156bf4c474477c4a7732aee8d34a92475','O','140524','OL3201',1,0,'Mr','Ellison','Andrew','155 Farne Drive','','Glasgow','','G44 5DN','07818407710','andythebud@hotmail.com','EXG','MLG','F',2,0,2,0,2,0,314.00,1,'','2014-02-24','OK',' The Authorisation was Successful.','MC',6966,15566,0,1),(3208,1393315333,18,1393315211,'2c1695fdb6593180dad0ce0389433dbfbee3ecb7','O','140524','OL3208',1,0,'Mr','Craib','Paul','5 Bridgend, Bridge Road,','Kemnay','Inverurie','Aberdeenshire','AB515QT','07742163658','paulcraib71@btinternet.com','EDB','MLG','S',2,0,0,0,0,0,164.00,0,'','2014-02-25','OK',' The Authorisation was Successful.','DELTA',2394,523274,0,1),(3211,1393335710,20,1393335519,'6de46151805dce1967a8246bc1ee4913a6fc518d','O','140607','OL3211',1,0,'Mr','Fitzcharles','David','Hawthorn Cottage','Muirhall','Near West Calder','West Lothian','EH55 8NL','07747 465743','davidfitzcharles@aol.com','FKK','MLG','F',2,0,2,2,2,0,338.00,1,'','2014-02-25','OK',' The Authorisation was Successful.','VISA',8625,45250,0,1),(3215,1393347412,17,1393347238,'1bf3f45e785f2a38adb170533f2398f4e52bff80','O','140510','OL3215',1,0,'Mrs','Peebles','Anne R','70 Dublin Street','','Edinburgh','','EH3 6NP','01315561150','iaspeebles268@btinternet.com','EDB','KYL','F',3,0,3,3,3,0,408.00,0,'','2014-02-25','OK',' The Authorisation was Successful.','DELTA',8275,588519,0,1),(3218,1393353296,17,1393353207,'f36e22252a66b7da4a9f298f096efe9a0887ec7f','O','140510','OL3218',1,0,'Mr','Smith','Roger','20 Beech Hill Avenue','','Mansfield','Nottinghamshire','NG19 7EN','01623 645751','rolynn@ntlworld.com','EDB','KYL','S',2,0,0,0,0,0,134.00,0,'','2014-02-25','OK',' The Authorisation was Successful.','MCDEBIT',8587,655600,0,1),(3219,1393353389,20,1393353320,'1a5bf316d44776369b8c4891d433df9c7de88556','O','140607','OL3219',1,0,'Miss','Moore','Karin','Glenstairs','Moray Street','Blackford','','PH4 1PY','07920065626','karin_moore87@yahoo.co.uk','FKK','MLG','F',2,0,2,0,2,0,314.00,1,'','2014-02-25','OK',' The Authorisation was Successful.','MC',7362,25487,0,1),(3220,1393360967,17,1393360863,'4add02f4a958dd6d89ab3b33a3ed3023366c54f8','O','140510','OL3220',1,0,'Dr','Duncan','Fergus','10 Lyne Grove','Crossford','Crossford','Fife','KY12 8YB','01383 732412','fid@tighnacoille.co.uk','DAG','KYL','F',2,0,2,2,2,0,292.00,1,'','2014-02-25','','','',0,0,0,0),(3225,1393416454,22,1393416346,'aafadea7300b4834f047b04d5d2ac391100e654a','O','140621','OL3225',1,0,'Mr','Thain','Stewart','77 Birrell Gardens','Murieston','Livingston','West Lothian','EH54 9LF','01506 463252','sthain@btinternet.com','KKN','HHD','F',2,0,2,0,2,0,268.00,1,'','2014-02-26','OK',' The Authorisation was Successful.','VISA',3476,74658,0,1),(3228,1393448569,17,1393448225,'8c869e9eca67f62109b23afd5a4be66552069957','O','140510','OL3228',1,0,'MR','CZAJKA','EDWARD','Cherrytrees','14 Ladhope Crescent','GALASHIELS','Selkirkshire','TD1 2BN','01896  755031','e.czajka14@btinternet.com','MUB','KYL','F',3,0,3,0,0,0,327.00,0,'','2014-02-26','OK',' The Authorisation was Successful.','DELTA',410,26525,0,1),(3234,1393486384,22,1393486240,'20242480260c7141759f0d27811a420b8c29de04','O','140621','OL3234',1,0,'Mr','Hughes','Ian','1 Howburn Court','Hardgate','Aberdeen','Grampian','AB11 6YA','01224211880','ianhughes333@hotmail.com','KDY','HHD','F',2,0,1,0,2,0,258.00,1,'','2014-02-27','OK',' The Authorisation was Successful.','DELTA',2376,322550,0,1),(3237,1393529217,18,1393529115,'24fa8e64347275ba3afcb86684f895548fa52ab7','O','140524','OL3237',1,0,'','Fowler','Nancy','18 Almond Court','','East Whitburn','West Lothian','EH470JW','01501 743215','nancy@hoolit.fsnet.co.uk','EDB','MLG','F',4,0,0,0,0,0,488.00,0,'','2014-02-27','OK',' The Authorisation was Successful.','MC',2693,482752,0,1),(3238,1393540805,15,1393540670,'4643ec10a940378f6e26753de7399aa4415d9e73','O','140427a','OL3238',1,0,'Mr','Stuart','Colin','84 Upper Kinneddar','Saline','Dunfermline','Fife','KY12 9TR','01383 852587','colin.stuart208@btinternet.com','LIN','LIN','F',2,0,2,0,0,0,162.00,0,'','2014-02-27','OK',' The Authorisation was Successful.','MC',9948,209476,0,1),(3239,1393580683,15,1393580431,'f2e01004aaf1e9faa8ed48644138e9690b8ecdf2','O','140427a','OL3239',1,0,'Mrs','Harrison','Gloria','Seacraig','Main Street','Golspie','Sutherland','KW106TG','01408633759','roandglo@hotmail.com','LIN','LIN','S',4,0,4,0,0,0,236.00,0,'','2014-02-28','','','',0,0,0,0),(3242,1393591264,18,1393591165,'dcfd7b7461ba0a7fffd58cb978fa074cca863a89','O','140524','OL3242',1,0,'Mr','Campbell','Hugh','23 Restenneth Place','Lunanhead','FORFAR','Angus','DD8 3NF','01307-464-398','h.f.campbell@dundee.ac.uk','EDB','MLG','F',1,0,1,1,1,0,169.00,1,'','2014-02-28','OK',' The Authorisation was Successful.','MC',8110,0,0,1),(3243,1393601261,18,1393600987,'5eb0bafa7bd704564a99e0e4a3d6530841f1d1b5','O','140524','OL3243',1,0,'Mr','Langlands','Robert','3 Cardoness Road','Crosspool','Sheffield','South Yorkshire','S10 5RT','0114 2304580','mail@robertlanglands.plus.com','EXG','MLG','F',1,0,1,1,1,0,159.00,0,'','2014-02-28','OK',' The Authorisation was Successful.','DELTA',5543,167218,0,1),(3244,1393618412,16,1393618297,'de22dafc8e2530dc1dc4ab77e3db404ab28ab08d','O','140427b','OL3244',1,0,'Mrs','Townsend','Alison','6, Cauldcoats Holdings','','Linlithgow','West Lothian','EH49 7LX','01506834397','alisontownsend007@btinternet.com','DAM','INK','S',2,0,0,0,0,0,94.00,0,'','2014-02-28','ABORT',' The Transaction was cancelled by the customer.','',0,0,0,1),(3245,1393618889,15,1393618727,'49f44932a2d2a482507e66bd4e79b4b384fa091e','O','140427a','OL3245',1,0,'Dr','Stenhouse','John','East Lodge','1 Mansion Drive','Dundee','City Of Dundee','DD4 9DD','01382 524611','johnstenhouse@virginmedia.com','LIN','LIN','S',2,0,0,0,0,0,94.00,0,'','2014-02-28','OK',' The Authorisation was Successful.','DELTA',7117,28753,0,1),(3249,1393669469,20,1393669237,'160379f5f1393f53d0fe77a20221df9b25cb7edc','O','140607','OL3249',1,0,'Mr','Ballantine','John','8-1 North Werber Place','Fettes Village','Edinburgh','Midlothian','EH4 1TF','0131 476 4104','jb011a2549@blueyonder.co.uk','EDB','MLG','F',1,0,1,1,1,0,159.00,0,'','2014-03-01','OK',' The Authorisation was Successful.','MC',5262,25817,0,1),(3250,1393669963,22,1393669768,'6e558a055a079abf6160b312001b3ae52631b17e','O','140621','OL3250',1,0,'Mr','Ballantine','John M','8-1 North Werber Place','Fettes Village','Edinburgh','Midlothian','EH4 1TF','0131 476 4104','jb011a2549@blueyonder.co.uk','EDB','HHD','F',1,0,1,0,1,0,124.00,0,'','2014-03-01','OK',' The Authorisation was Successful.','MC',5262,35321,0,1),(3251,1393673315,17,1393673150,'d0824aba69e5c28a4048d5e7465891e1541bffdd','O','140510','OL3251',1,0,'Mrs','Mcauliffe','Marjorie','6 Manse Lane','','Burntisland','Fife','KY3 0BJ','01592874889','marjorie.mcauliffe@btconnect.com','KDY','KYL','F',2,0,2,0,2,0,268.00,1,'','2014-03-01','OK',' The Authorisation was Successful.','DELTA',474,483707,0,1),(3252,1393681062,16,1393680963,'1b27fd750e283e19b46ed6ab29d6618ae938e44c','O','140427b','OL3252',1,0,'Mrs','Townsend','Alison','6, Cauldcoats Holdings','','Linlithgow','West Lothian','EH49 7LX','01506834397','alisontownsend007@btinternet.com','DAM','INK','S',2,0,0,0,0,0,94.00,0,'','2014-03-01','OK',' The Authorisation was Successful.','MC',4046,694270,0,1),(3257,1393698870,16,1393698609,'24eaa7f2dfbd729bd65c50ed0ea8dad88933831e','O','140427b','OL3257',1,0,'Mr','Anderson','Spencer','10 Benbecula','St Leonards','East Kilbride','Glasgow','G74 2BT','01355 266764','spanekmrc@hotmail.com','DAM','INK','S',4,0,4,0,0,0,236.00,0,'','2014-03-01','OK',' The Authorisation was Successful.','VISA',6029,94926,0,1),(3258,1393701354,17,1393701354,'6e915c2dbf4e64885bb9ceedb538ce789962d104','O','140510','OL3258',0,0,'','','','','','','','','','','','','',2,0,0,0,0,0,0.00,0,'','2014-03-01','','','',0,0,0,0),(3259,1393701386,17,1393701386,'5b822f4749d02705c616b6178d420673d1a63746','O','140510','OL3259',0,0,'','','','','','','','','','','','','',2,0,0,0,0,0,0.00,0,'','2014-03-01','','','',0,0,0,0);
/*!40000 ALTER TABLE `purchase` ENABLE KEYS */;
UNLOCK TABLES;

--
-- Table structure for table `service`
--

DROP TABLE IF EXISTS `service`;
/*!40101 SET @saved_cs_client     = @@character_set_client */;
/*!40101 SET character_set_client = utf8 */;
CREATE TABLE `service` (
  `id` int(11) NOT NULL AUTO_INCREMENT,
  `code` varchar(50) COLLATE utf8_unicode_ci NOT NULL,
  `name` varchar(150) COLLATE utf8_unicode_ci NOT NULL,
  `description` longtext COLLATE utf8_unicode_ci NOT NULL,
  `visible` tinyint(1) NOT NULL,
  `date` date NOT NULL,
  `mealaname` varchar(100) COLLATE utf8_unicode_ci NOT NULL,
  `mealavisible` tinyint(1) NOT NULL,
  `mealaprice` decimal(10,2) NOT NULL,
  `mealbname` varchar(100) COLLATE utf8_unicode_ci NOT NULL,
  `mealbvisible` tinyint(1) NOT NULL,
  `mealbprice` decimal(10,2) NOT NULL,
  `mealcname` varchar(100) COLLATE utf8_unicode_ci NOT NULL,
  `mealcvisible` tinyint(1) NOT NULL,
  `mealcprice` decimal(10,2) NOT NULL,
  `mealdname` varchar(100) COLLATE utf8_unicode_ci NOT NULL,
  `mealdvisible` tinyint(1) NOT NULL,
  `mealdprice` decimal(10,2) NOT NULL,
  `singlesupplement` decimal(10,2) NOT NULL,
  `commentbox` tinyint(1) NOT NULL,
  `maxparty` int(11) NOT NULL,
  PRIMARY KEY (`id`)
) ENGINE=InnoDB AUTO_INCREMENT=23 DEFAULT CHARSET=utf8 COLLATE=utf8_unicode_ci;
/*!40101 SET character_set_client = @saved_cs_client */;

--
-- Dumping data for table `service`
--

LOCK TABLES `service` WRITE;
/*!40000 ALTER TABLE `service` DISABLE KEYS */;
INSERT INTO `service` VALUES (1,'130421a','The Forth Circle (Morning)','<p>Steam-hauled by 60009 <em>Union of South Africa</em></p>\r\n<p><em>Over the Forth Bridge, along the Fife Coast and round the Fife Circle to Dunfermline, then along the shores of the Firth of Forth to Kincardine and through Alloa to Stirling, and returning through Larbert and Falkirk.</em></p>',0,'2013-04-21','Lunch',1,10.00,'Lunch',0,0.00,'Dinner',0,0.00,'Not used',0,0.00,10.00,0,4),(2,'130421b','The Forth Circle (Afternoon)','<p>Steam-hauled by 60009 <em>Union of South Africa</em></p>\r\n<p>Over the Forth Bridge, along the Fife Coast and round the Fife Circle to Dunfermline, then along the shores of the Firth of Forth to Kincardine and through Alloa to Stirling, and returning through Larbert and Falkirk.</p>',0,'2013-04-21','Dinner',1,10.00,'Lunch',0,0.00,'Dinner',0,0.00,'Not used',0,0.00,10.00,0,4),(3,'130504','The West Highlander to Fort William and Mallaig','<p><em>From the scenic West Highland Line view the splendour of Loch Long, Loch Lomond, Rannoch Moor, Monessie Gorge, Ben Nevis, Glenfinnan and Morar.</em></p>',0,'2013-05-04','Breakfast',1,8.00,'Lunch',1,10.00,'Dinner',1,12.00,'Not used',0,0.00,10.00,0,2),(4,'130525','The Lochalsh Special to Plockton and Kyle of Lochalsh','<p><em>Over the Highland Line via Pitlochry, Blair Atholl, Drumochter Summit, Aviemore and Culloden to Inverness, then via Dingwall, Garve and the spectacular scenery along Loch Carron to <strong>Plockton</strong> and <strong>Kyle of Lochalsh</strong>.</em></p>',0,'2013-05-25','Breakfast',1,8.00,'Lunch',1,10.00,'Dinner',1,12.00,'Not used',0,0.00,10.00,0,16),(5,'130601','The West Highlander to Mallaig','<p><em>From the scenic West Highland Line view Loch Long, Loch Lomond, Rannoch Moor, and Monessie Gorge. From Fort William the train is steam-hauled to and from <strong>Mallaig</strong> along the route of \'The Jacobite\' with views of Ben Nevis, Loch Eil, Glenfinnan and Morar.</em></p>',0,'2013-06-01','Breakfast',1,8.00,'Lunch',1,10.00,'Dinner',1,12.00,'Not used',0,0.00,10.00,0,16),(6,'130601a','The West Highlander to Fort William','<p><em>From the scenic West Highland Line view Loch Long, Loch Lomond, Rannoch Moor, and Monessie Gorge and spend the afternoon exploring <strong>Fort William</strong>.</em></p>',0,'2013-06-01','Breakfast',1,8.00,'Lunch',0,10.00,'Dinner',1,12.00,'Not used',0,0.00,10.00,0,16),(7,'130608','The Highlander to Aviemore and Inverness','<p><em>North along the East Coast, over the Forth Bridge and through Fife to Perth, then along the Highland Line through Dunkeld, Pitlochry, Blair Atholl and over Drumochter Summit, the highest point on the British railway network. Passengers may leave the train at <strong>Aviemore</strong> for a trip on the Strathspey Railway through Boat of Garten to Broomhill. Alternatively remain aboard over Slochd Summit and past Culloden to <strong>Inverness</strong>, the Highland Capital.</em></p>',0,'2013-06-08','Breakfast',1,8.00,'Dinner',1,12.00,'Dinner',0,0.00,'Not used',0,0.00,10.00,0,16),(8,'130616a','The Fife Circle with 60163 \'Tornado\'','<p><em>Steam special hauled by Britain&rsquo;s newest main-line steam locomotive. Morning departure from Edinburgh round the Edinburgh Suburban Circle then over the Forth Bridge, along the Fife Coast to Kirkcaldy and round the Fife Circle to Dunfermline returning over the Forth Bridge.</em></p>',0,'2013-06-16','Lunch',1,10.00,'Lunch',0,0.00,'Dinner',0,0.00,'Not used',0,0.00,10.00,0,16),(9,'130616b','The Forth Circle with 60163 \'Tornado\'','<p><em>Steam special hauled by Britain&rsquo;s newest main-line steam locomotive. Afternoon departure round the Edinburgh Suburban Circle, then through Linlithgow and Falkirk to Stirling; continuing through Alloa, Kincardine and along the shores of the Firth of Forth, returning via Dunfermline, Kirkcaldy and over the Forth Bridge.</em></p>',0,'2013-06-16','Dinner',1,12.00,'Lunch',0,0.00,'Dinner',0,0.00,'Not used',0,0.00,10.00,0,2),(10,'130504a','The West Highlander to Fort William','<p><em>From the scenic West Highland Line view Loch Long, Loch Lomond, Rannoch Moor, and Monessie Gorge and spend the afternoon exploring <strong>Fort William</strong>.</em></p>',0,'2013-05-04','Breakfast',1,8.00,'Lunch',0,10.00,'Dinner',1,12.00,'Not used',0,0.00,10.00,0,16),(11,'130914','Oban Special','<p><span><em>Along the east coast and Firth of Tay then across central Scotland through Gleneagles, Stirling and Glasgow. Then over the scenic West Highland Line by Loch Lomond, Loch Awe, Ben Cruachan and the Pass of Brander to Oban with its views of Mull across the Firth of Lorn.</em></span></p>',0,'2013-09-14','Breakfast',1,8.00,'Lunch',0,0.00,'Dinner',1,12.00,'Not used',0,0.00,10.00,0,16),(12,'130921','Blackpool Special','<p><span><em>Along the West Coast Main Line to the resort with its famous tower and Golden Mile. <br />Return over the scenic Settle &amp; Carlisle line.</em></span></p>',0,'2013-09-21','Breakfast',1,8.00,'Dinner',1,12.00,'Dinner',0,12.00,'Not used',0,0.00,10.00,0,16),(13,'130928','The Cumbrian Coast','<p><span><em>Via the East Coast and Tyne Valley then along the Cumbrian Coast line to Ravenglass (for Ravenglass &amp; Eskdale Railway) and Grange-over-Sands (for Lake Windermere Cruise). </em></span></p>',0,'2013-09-28','Breakfast',1,8.00,'Dinner',1,12.00,'Dinner',0,0.00,'Not used',0,0.00,10.00,0,16),(14,'131026','The West Highlander to Fort William','<p><span><em>Double-headed steam special southbound on the scenic West Highland Line with stunning views of Loch Long, Loch Lomond, Rannoch Moor, Monessie Gorge and Ben Nevis. Diesel-hauled northbound.<br /></em></span></p>',0,'2013-10-26','Breakfast',1,8.00,'Lunch',1,10.00,'Dinner',1,12.00,'Not used',0,0.00,10.00,0,16),(15,'140427a','The Forth Circle (Morning)','<p><strong>Steam-hauled by 60009 <em>Union of South Africa</em></strong></p>\r\n<p><em>Morning steam special round the Forth Circle; over the Forth Bridge, along the Fife Coast and round the Fife Circle to Dunfermline, then along the shores of the Firth of Forth to Kincardine and through Alloa to Stirling, and returning through Larbert and Falkirk.</em></p>',1,'2014-04-27','Lunch',1,12.00,'Lunch',0,0.00,'Dinner',0,0.00,'Not used',0,0.00,10.00,0,16),(16,'140427b','The Forth Circle (Afternoon)','<p><strong>Steam-hauled by 60009 <em>Union of South Africa</em></strong></p>\r\n<p><em>Morning steam special round the Forth Circle; over the Forth Bridge, along the Fife Coast and round the Fife Circle to Dunfermline, then along the shores of the Firth of Forth to Kincardine and through Alloa to Stirling, and returning through Larbert and Falkirk.</em></p>',1,'2014-04-27','Dinner',1,12.00,'Lunch',0,0.00,'Dinner',0,0.00,'Not used',0,0.00,10.00,0,16),(17,'140510','The Lochalsh Special','<p><span><em>The Highland Line via Blair Atholl, Drumochter, Aviemore and Culloden to Inverness, then via Dingwall, Garve and the spectacular scenery along Loch&nbsp;Carron to Plockton and Kyle&nbsp;of&nbsp;Lochalsh.</em></span></p>',1,'2014-05-10','Breakfast',1,10.00,'Lunch',1,12.00,'Dinner',1,15.00,'Not used',0,0.00,10.00,0,16),(18,'140524','The West Highlander to Mallaig','<p><span><em>From the scenic West Highland Line view Loch Long, Loch Lomond, Rannoch Moor and the Monessie Gorge. After a short break in Fort William continue on the train steam-hauled to and from Mallaig with views of Ben Nevis, Loch Eil, Glenfinnan and Morar.</em></span></p>',1,'2014-05-24','Breakfast',1,10.00,'Lunch',1,12.00,'Dinner',1,15.00,'Not used',0,0.00,10.00,0,16),(19,'140524a','The West Highlander to Fort William','<p><span><em>From the scenic West Highland Line view Loch Long, Loch Lomond, Rannoch Moor and the Monessie Gorge and spend the afternoon in Fort William.</em></span></p>',1,'2014-05-24','Breakfast',1,10.00,'Lunch',0,0.00,'Dinner',1,15.00,'Not used',0,0.00,10.00,0,16),(20,'140607','The West Highlander to Mallaig','<p><span><em>From the scenic West Highland Line view Loch Long, Loch Lomond, Rannoch Moor and the Monessie Gorge. After a short break in Fort William continue on the train steam-hauled to and from Mallaig with views of Ben Nevis, Loch Eil, Glenfinnan and Morar.</em></span></p>',1,'2014-06-07','Breakfast',1,10.00,'Lunch',1,12.00,'Dinner',1,15.00,'Not used',0,0.00,10.00,0,16),(21,'140607a','The West Highlander to Fort William','<p><span><em>From the scenic West Highland Line view Loch Long, Loch Lomond, Rannoch Moor and the Monessie Gorge and spend the afternoon in Fort William.</em></span></p>',1,'2014-06-07','Breakfast',1,10.00,'Lunch',0,0.00,'Dinner',1,15.00,'Not used',0,0.00,10.00,0,16),(22,'140621','Chester & North Wales','<p><span><em>Along the West Coast Main Line over Beattock and Shap summits for a visit to the historic city of Chester, or remain on board for a trip along the North Wales Coast to Llandudno Junction and Bangor, or cross the Britannia Bridge over the Menai Strait to Anglesey and pass through Llanfairpwllgwyngyllgogerychwyrndrobwllllantysiliogogogoch before reaching Holyhead.</em></span></p>',1,'2014-06-21','Breakfast',1,10.00,'Lunch',0,0.00,'Dinner',1,15.00,'Not used',0,0.00,10.00,0,16);
/*!40000 ALTER TABLE `service` ENABLE KEYS */;
UNLOCK TABLES;

--
-- Table structure for table `srps_users`
--

DROP TABLE IF EXISTS `srps_users`;
/*!40101 SET @saved_cs_client     = @@character_set_client */;
/*!40101 SET character_set_client = utf8 */;
CREATE TABLE `srps_users` (
  `id` int(11) NOT NULL AUTO_INCREMENT,
  `username` varchar(25) COLLATE utf8_unicode_ci NOT NULL,
  `firstname` varchar(50) COLLATE utf8_unicode_ci NOT NULL,
  `lastname` varchar(50) COLLATE utf8_unicode_ci NOT NULL,
  `salt` varchar(32) COLLATE utf8_unicode_ci NOT NULL,
  `password` varchar(40) COLLATE utf8_unicode_ci NOT NULL,
  `email` varchar(60) COLLATE utf8_unicode_ci NOT NULL,
  `role` varchar(60) COLLATE utf8_unicode_ci NOT NULL,
  `is_active` tinyint(1) NOT NULL,
  PRIMARY KEY (`id`),
  UNIQUE KEY `UNIQ_7E080E4EF85E0677` (`username`)
) ENGINE=InnoDB AUTO_INCREMENT=7 DEFAULT CHARSET=utf8 COLLATE=utf8_unicode_ci;
/*!40101 SET character_set_client = @saved_cs_client */;

--
-- Dumping data for table `srps_users`
--

LOCK TABLES `srps_users` WRITE;
/*!40000 ALTER TABLE `srps_users` DISABLE KEYS */;
INSERT INTO `srps_users` VALUES (1,'admin','Howard','Miller','','b94a6a7947bdc4f552b715f5296aa733','','ROLE_ADMIN',1),(2,'roger','Roger','Haynes','','48baa06ef74eb48dcbbf2f647583d2e8','','ROLE_ADMIN',1),(3,'andrew','Andrew','Haynes','','c4c58e6b7e1085662fc3394e08110d08','','ROLE_ADMIN',1),(4,'james','James','Robertson','','6d940f3022a0ef6c4d3f1081e69bbcd2','','ROLE_ORGANISER',1),(5,'neil','Neil','McDonald','','e2bbb6fc683b1e383677f25a8e45c901','','ROLE_ORGANISER',1),(6,'alistair','Alistair','Maclean','','5d6bed03dfb82662c8f822dbcf3a95a6','','ROLE_ORGANISER',1);
/*!40000 ALTER TABLE `srps_users` ENABLE KEYS */;
UNLOCK TABLES;

--
-- Table structure for table `station`
--

DROP TABLE IF EXISTS `station`;
/*!40101 SET @saved_cs_client     = @@character_set_client */;
/*!40101 SET character_set_client = utf8 */;
CREATE TABLE `station` (
  `id` int(11) NOT NULL AUTO_INCREMENT,
  `crs` varchar(50) COLLATE utf8_unicode_ci NOT NULL,
  `name` varchar(150) COLLATE utf8_unicode_ci NOT NULL,
  PRIMARY KEY (`id`)
) ENGINE=InnoDB DEFAULT CHARSET=utf8 COLLATE=utf8_unicode_ci;
/*!40101 SET character_set_client = @saved_cs_client */;

--
-- Dumping data for table `station`
--

LOCK TABLES `station` WRITE;
/*!40000 ALTER TABLE `station` DISABLE KEYS */;
/*!40000 ALTER TABLE `station` ENABLE KEYS */;
UNLOCK TABLES;
/*!40103 SET TIME_ZONE=@OLD_TIME_ZONE */;

/*!40101 SET SQL_MODE=@OLD_SQL_MODE */;
/*!40014 SET FOREIGN_KEY_CHECKS=@OLD_FOREIGN_KEY_CHECKS */;
/*!40014 SET UNIQUE_CHECKS=@OLD_UNIQUE_CHECKS */;
/*!40101 SET CHARACTER_SET_CLIENT=@OLD_CHARACTER_SET_CLIENT */;
/*!40101 SET CHARACTER_SET_RESULTS=@OLD_CHARACTER_SET_RESULTS */;
/*!40101 SET COLLATION_CONNECTION=@OLD_COLLATION_CONNECTION */;
/*!40111 SET SQL_NOTES=@OLD_SQL_NOTES */;

-- Dump completed on 2014-03-01 19:49:49
